DOI,Composition,Alloy_or_not,Pt_or_not,Weight_ratio (wt%),N_doped (at%),pH,Current_density (mA/cm2),Overpotential (mV),Particle_size (nm)
12.1039/c5ee02460a,FeCo,1,0,5.5,3.08,0.3,10,364,15
11.1039/c5ee02460a,FeCo,1,0,6.42,4.54,0.3,10,287,15
10.3390/ma13071513,Pt,0,1,18.94,6.26,0.3,10,47,5
10.3390/ma13071513,Pt,0,1,18.94,6.26,0.3,20,71,5
10.3390/ma13071513,Pt,0,1,18.94,6.26,0.3,40,118,5
10.3390/ma13071513,Pt,0,1,18.94,6.26,0.3,50,140,5
10.3390/ma13071513,Pt,0,1,18.7,6.98,0.3,10,31,4
10.3390/ma13071513,Pt,0,1,18.7,6.98,0.3,20,47,4
10.3390/ma13071513,Pt,0,1,18.7,6.98,0.3,40,79,4
10.3390/ma13071513,Pt,0,1,18.7,6.98,0.3,50,93,4
10.3389/fmats.2019.00251,Pt,0,1,3.2,0,0.3,10,38,1.6
10.3389/fmats.2019.00251,Pt,0,1,3.2,0,0.3,20,54,1.6
10.3389/fmats.2019.00251,Pt,0,1,3.2,0,0.3,40,84,1.6
10.3389/fmats.2019.00251,Pt,0,1,7.1,0,0.3,10,24,1.5
10.3389/fmats.2019.00251,Pt,0,1,7.1,0,0.3,20,27,1.5
10.3389/fmats.2019.00251,Pt,0,1,7.1,0,0.3,40,32,1.5
10.1039/d1ta03704h,CoPdO,0,0,47.85,1,14,100,182,35.1
10.1039/d1ta03704h,CoPdO,0,0,47.85,1,14,80,169,35.1
10.1039/d1ta03704h,CoPdO,0,0,47.85,1,14,60,151,35.1
10.1039/d1ta03704h,CoPdO,0,0,47.85,1,14,50,145,35.1
10.1039/d1ta03704h,CoPdO,0,0,47.85,1,14,40,138,35.1
10.1039/d1ta03704h,CoPdO,0,0,47.85,1,14,20,121,35.1
10.1039/d1ta03704h,CoPdO,0,0,47.85,1,14,10,100,35.1
10.1039/d1ta03704h,CoPdO,0,0,7.21,1.4,14,20,368,35.1
10.1039/d1ta03704h,CoPdO,0,0,7.21,1.4,14,10,312,35.1
10.1039/d1ra05577a,RuPd,1,0,17.92,0,14,20,57.7,5.9
10.1039/d1ra05577a,RuPd,1,0,17.92,0,14,10,11.7,5.9
10.1039/d1ra05577a,Pd,0,0,16.52,0,14,20,400,5.9
10.1039/d1ra05577a,Pd,0,0,16.52,0,14,10,345,5.9
10.1039/d0ta02496a,RuCo,1,0,9.81,0.8,7.4,60,358,10
10.1039/d0ta02496a,RuCo,1,0,9.81,0.8,7.4,50,306,10
10.1039/d0ta02496a,RuCo,1,0,9.81,0.8,7.4,40,251,10
10.1039/d0ta02496a,RuCo,1,0,9.81,0.8,0.3,100,195,10
10.1039/d0ta02496a,RuCo,1,0,9.81,0.8,0.3,80,170,10
10.1039/d0ta02496a,RuCo,1,0,9.81,0.8,14,100,159,10
10.1039/d0ta02496a,RuCo,1,0,9.81,0.8,0.3,60,143,10
10.1039/d0ta02496a,RuCo,1,0,9.81,0.8,7.4,20,136,10
10.1039/d0ta02496a,RuCo,1,0,9.81,0.8,14,80,132,10
10.1039/d0ta02496a,RuCo,1,0,9.81,0.8,0.3,50,127,10
10.1039/d0ta02496a,RuCo,1,0,9.81,0.8,0.3,40,112,10
10.1039/d0ta02496a,RuCo,1,0,9.81,0.8,14,60,102,10
10.1039/d0ta02496a,RuCo,1,0,9.81,0.8,14,50,87,10
10.1039/d0ta02496a,RuCo,1,0,9.81,0.8,0.3,20,75,10
10.1039/d0ta02496a,RuCo,1,0,9.81,0.8,14,40,69,10
10.1039/d0ta02496a,RuCo,1,0,9.81,0.8,7.4,10,67,10
10.1039/d0ta02496a,RuCo,1,0,9.81,0.8,0.3,10,51,10
10.1039/d0ta02496a,RuCo,1,0,9.81,0.8,14,20,34,10
10.1039/d0ta02496a,RuCo,1,0,9.81,0.8,14,10,11,10
10.1039/d0se01516d,Pt,0,1,1.4,12.1,0.3,100,89.1,0.36
10.1039/d0se01516d,Pt,0,1,1.4,12.1,0.3,10,18.1,0.36
10.1039/c9ta07469d,Pt,0,1,1.7,18.8,0.3,10,49.1,1
10.1039/c9ta07469d,Pt,0,1,1.7,18.8,0.3,20,56,1
10.1039/c9ta07469d,Pt,0,1,1.7,18.8,0.3,40,64,1
10.1039/c9ta07469d,Pt,0,1,1.7,18.8,0.3,50,67,1
10.1039/c9ta07469d,Pt,0,1,1.7,18.8,0.3,100,83,1
10.1039/c9ta07469d,Pt,0,1,1.58,18.8,0.3,10,17,0.35
10.1039/c9ta07469d,Pt,0,1,1.58,18.8,0.3,20,26,0.35
10.1039/c9ta07469d,Pt,0,1,1.58,18.8,0.3,40,33,0.35
10.1039/c9ta07469d,Pt,0,1,1.58,18.8,0.3,50,37,0.35
10.1039/c9ta07469d,Pt,0,1,1.58,18.8,0.3,100,50,0.35
10.1039/c9ta05334d,RhCo,1,0,100,0,14,40,79,1.3
10.1039/c9ta05334d,RhCo,1,0,100,0,7.4,40,74,1.3
10.1039/c9ta05334d,RhCo,1,0,100,0,14,20,49,1.3
10.1039/c9ta05334d,RhCo,1,0,100,0,7.4,20,46,1.3
10.1039/c9ta05334d,RhCo,1,0,100,0,14,10,32,1.3
10.1039/c9ta05334d,RhCo,1,0,100,0,7.4,10,31,1.3
10.1039/c9ta05334d,RhCo,1,0,100,0,0.3,40,28,1.3
10.1039/c9ta05334d,RhCo,1,0,100,0,0.3,20,19,1.3
10.1039/c9ta05334d,RhCo,1,0,100,0,0.3,10,12.3,1.3
10.1039/c9ta04361f,IrNi,1,0,35.39,0,14,200,296,8.9
10.1039/c9ta04361f,IrNi,1,0,35.39,0,14,150,242,8.9
10.1039/c9ta04361f,IrNi,1,0,35.39,0,0.3,250,185,8.9
10.1039/c9ta04361f,IrNi,1,0,35.39,0,14,100,180,8.9
10.1039/c9ta04361f,IrNi,1,0,35.39,0,0.3,200,155,8.9
10.1039/c9ta04361f,IrNi,1,0,35.39,0,14,80,152,8.9
10.1039/c9ta04361f,IrNi,1,0,35.39,0,0.3,150,125,8.9
10.1039/c9ta04361f,IrNi,1,0,35.39,0,14,60,122,8.9
10.1039/c9ta04361f,IrNi,1,0,35.39,0,14,50,106,8.9
10.1039/c9ta04361f,IrNi,1,0,35.39,0,0.3,100,94.5,8.9
10.1039/c9ta04361f,IrNi,1,0,35.39,0,14,40,89,8.9
10.1039/c9ta04361f,IrNi,1,0,35.39,0,0.3,80,82,8.9
10.1039/c9ta04361f,IrNi,1,0,35.39,0,0.3,60,70,8.9
10.1039/c9ta04361f,IrNi,1,0,35.39,0,0.3,50,63,8.9
10.1039/c9ta04361f,IrNi,1,0,35.39,0,0.3,40,57,8.9
10.1039/c9ta04361f,IrNi,1,0,35.39,0,14,20,51,8.9
10.1039/c9ta04361f,IrNi,1,0,35.39,0,0.3,20,43,8.9
10.1039/c9ta04361f,IrNi,1,0,35.39,0,0.3,10,35,8.9
10.1039/c9ta04361f,IrNi,1,0,35.39,0,14,10,27,8.9
10.1039/c9ta04010b,Pt,0,1,0.21,0,0.3,10,110,4
10.1039/c9ta04010b,Pt,0,1,0.21,0,0.3,20,120,4
10.1039/c9ta04010b,Pt,0,1,0.21,0,0.3,40,195,4
10.1039/c9ta04010b,Pt,0,1,0.21,0,0.3,50,230,4
10.1039/c9ta04010b,Pt,0,1,19,0,0.3,10,43,3
10.1039/c9ta04010b,Pt,0,1,19,0,0.3,20,66,3
10.1039/c9ta04010b,Pt,0,1,19,0,0.3,40,95,3
10.1039/c9ta04010b,Pt,0,1,19,0,0.3,50,105,3
10.1039/c9ta04010b,Pt,0,1,19,0,0.3,100,167,3
10.1039/c9ta04010b,Pt,0,1,19,0,0.3,150,227,3
10.1039/c9ta04010b,Pt,0,1,19,0,0.3,200,296,3
10.1039/c9ta04010b,Pt,0,1,0.35,0,0.3,10,34,1
10.1039/c9ta04010b,Pt,0,1,0.35,0,0.3,20,50,1
10.1039/c9ta04010b,Pt,0,1,0.35,0,0.3,40,77,1
10.1039/c9ta04010b,Pt,0,1,0.35,0,0.3,50,90,1
10.1039/c9ta04010b,Pt,0,1,0.35,0,0.3,100,157,1
10.1039/c9ta04010b,Pt,0,1,0.35,0,0.3,150,219,1
10.1039/c9ta04010b,Pt,0,1,0.35,0,0.3,200,288,1
10.1039/c9ta04010b,Pt,0,1,0.35,0,1,10,30,1
10.1039/c9ta04010b,Pt,0,1,0.35,0,1,20,65,1
10.1039/c9ta04010b,Pt,0,1,0.35,0,1,40,91,1
10.1039/c9ta04010b,Pt,0,1,0.35,0,1,50,103,1
10.1039/c9ta04010b,Pt,0,1,0.35,0,1,100,169,1
10.1039/c9ta04010b,Pt,0,1,0.35,0,1,150,233,1
10.1039/c9ta04010b,Pt,0,1,0.35,0,1,200,307,1
10.1039/c9ta04010b,Pt,0,1,0.35,0,0.7,10,31,1
10.1039/c9ta04010b,Pt,0,1,0.35,0,0.7,20,61,1
10.1039/c9ta04010b,Pt,0,1,0.35,0,0.7,40,87,1
10.1039/c9ta04010b,Pt,0,1,0.35,0,0.7,50,99,1
10.1039/c9ta04010b,Pt,0,1,0.35,0,0.7,100,164,1
10.1039/c9ta04010b,Pt,0,1,0.35,0,0.7,150,226,1
10.1039/c9ta04010b,Pt,0,1,0.35,0,0.7,200,291,1
10.1039/c9ta04010b,Pt,0,1,0.35,0,0.5,10,32,1
10.1039/c9ta04010b,Pt,0,1,0.35,0,0.5,20,58,1
10.1039/c9ta04010b,Pt,0,1,0.35,0,0.5,40,81,1
10.1039/c9ta04010b,Pt,0,1,0.35,0,0.5,50,94,1
10.1039/c9ta04010b,Pt,0,1,0.35,0,0.5,100,152,1
10.1039/c9ta04010b,Pt,0,1,0.35,0,0.5,150,211,1
10.1039/c9ta04010b,Pt,0,1,0.35,0,0.5,200,278,1
10.1039/c9ta04010b,Pt,0,1,0.34,0,0.3,10,23,1
10.1039/c9ta04010b,Pt,0,1,0.34,0,0.3,20,41,1
10.1039/c9ta04010b,Pt,0,1,0.34,0,0.3,40,62,1
10.1039/c9ta04010b,Pt,0,1,0.34,0,0.3,50,70,1
10.1039/c9ta04010b,Pt,0,1,0.34,0,0.3,100,112,1
10.1039/c9ta04010b,Pt,0,1,0.34,0,0.3,150,158,1
10.1039/c9ta04010b,Pt,0,1,0.34,0,0.3,200,201,1
10.1039/c9nj03675j,Pt,0,1,4.8,4.3,0.3,10,38,4.75
10.1039/c9nj03675j,Pt,0,1,4.8,4.3,0.3,20,50,4.75
10.1039/c9nj03675j,Pt,0,1,4.8,4.3,0.3,40,76,4.75
10.1039/c9nj03675j,Pt,0,1,4.8,4.3,0.3,50,89,4.75
10.1039/c9nj03675j,Pt,0,1,4.8,4.3,0.3,10,34,3.05
10.1039/c9nj03675j,Pt,0,1,4.8,4.3,0.3,20,44,3.05
10.1039/c9nj03675j,Pt,0,1,4.8,4.3,0.3,40,66,3.05
10.1039/c9nj03675j,Pt,0,1,4.8,4.3,0.3,50,75.6,3.05
10.1039/c9nj03675j,Pt,0,1,4.8,4.3,0.3,10,35,2.85
10.1039/c9nj03675j,Pt,0,1,4.8,4.3,0.3,20,47,2.85
10.1039/c9nj03675j,Pt,0,1,4.8,4.3,0.3,40,71,2.85
10.1039/c9nj03675j,Pt,0,1,4.8,4.3,0.3,50,83,2.85
10.1039/c9cy02285f,PtRu,1,1,3.9,0,0.3,100,134,1.6
10.1039/c9cy02285f,PtRu,1,1,3.9,0,0.3,80,122,1.6
10.1039/c9cy02285f,PtRu,1,1,3.9,0,0.3,60,108,1.6
10.1039/c9cy02285f,PtRu,1,1,3.9,0,0.3,50,100,1.6
10.1039/c9cy02285f,PtRu,1,1,3.9,0,0.3,40,91,1.6
10.1039/c9cy02285f,PtRu,1,1,3.9,0,0.3,20,65,1.6
10.1039/c9cy02285f,PtRu,1,1,3.9,0,0.3,10,43.7,1.6
10.1039/c9cy02285f,PtRu,1,1,2.5,0,0.3,100,146,1.6
10.1039/c9cy02285f,PtRu,1,1,2.5,0,0.3,80,134,1.6
10.1039/c9cy02285f,PtRu,1,1,2.5,0,0.3,60,119,1.6
10.1039/c9cy02285f,PtRu,1,1,2.5,0,0.3,50,111,1.6
10.1039/c9cy02285f,PtRu,1,1,2.5,0,0.3,40,102,1.6
10.1039/c9cy02285f,PtRu,1,1,2.5,0,0.3,20,75.5,1.6
10.1039/c9cy02285f,PtRu,1,1,2.5,0,0.3,10,55.3,1.6
10.1039/c9cy02285f,Pt,0,1,10,0,0.3,10,30,3.5
10.1039/c9cy02285f,Pt,0,1,5.2,0,0.3,10,33,1.6
10.1039/c9cy02285f,Pt,0,1,5.2,0,0.3,20,43,1.6
10.1039/c9cy02285f,Pt,0,1,5.2,0,0.3,40,56,1.6
10.1039/c9cy02285f,Pt,0,1,5.2,0,0.3,50,61,1.6
10.1039/c9cy02285f,Pt,0,1,5.2,0,0.3,100,78,1.6
10.1039/c8sc04986f,Pt,0,1,3.8,18,0.3,10,39,2
10.1039/c8sc04986f,Pt,0,1,3.8,18,0.3,20,48,2
10.1039/c8sc04986f,Pt,0,1,3.8,18,0.3,40,64,2
10.1039/c8sc04986f,Pt,0,1,3.8,18,0.3,50,71,2
10.1039/c8sc04986f,Pt,0,1,3.8,18,0.3,100,104,2
10.1039/c8sc04986f,Pt,0,1,2.54,18,0.3,10,26,0.35
10.1039/c8sc04986f,Pt,0,1,2.54,18,0.3,20,34,0.35
10.1039/c8sc04986f,Pt,0,1,2.54,18,0.3,40,40,0.35
10.1039/c8sc04986f,Pt,0,1,2.54,18,0.3,50,43,0.35
10.1039/c8sc04986f,Pt,0,1,2.54,18,0.3,100,53,0.35
10.1039/c8ee02888e,Pt,0,1,0.44,2.75,0.3,10,12,0.35
10.1039/c8ee02888e,Pt,0,1,0.44,2.75,0.3,20,20,0.35
10.1039/c8ee02888e,Pt,0,1,0.44,2.75,0.3,40,30,0.35
10.1039/c8ee02888e,Pt,0,1,0.44,2.75,0.3,50,37,0.35
10.1039/c8ee02888e,Pt,0,1,0.44,2.75,14,10,7,0.35
10.1039/c8ee02888e,Pt,0,1,0.44,2.75,14,20,16,0.35
10.1039/c8ee02888e,Pt,0,1,0.44,2.75,14,40,31,0.35
10.1039/c8ee02888e,Pt,0,1,0.44,2.75,14,50,38,0.35
10.1039/c8ee00402a,PtRu,1,1,5.24,0,0.3,100,145.3,5.12
10.1039/c8ee00402a,PtRu,1,1,5.24,0,0.3,80,132.1,5.12
10.1039/c8ee00402a,PtRu,1,1,5.24,0,0.3,60,115.6,5.12
10.1039/c8ee00402a,PtRu,1,1,5.24,0,0.3,50,105.7,5.12
10.1039/c8ee00402a,PtRu,1,1,5.24,0,0.3,40,93.6,5.12
10.1039/c8ee00402a,PtRu,1,1,5.24,0,0.3,20,65,5.12
10.1039/c8ee00402a,PtRu,1,1,5.24,0,0.3,10,46.6,5.12
10.1039/c8ee00402a,PtRu,1,1,4.42,0,0.3,100,43.1,2.57
10.1039/c8ee00402a,PtRu,1,1,4.42,0,0.3,80,39.6,2.57
10.1039/c8ee00402a,PtRu,1,1,4.42,0,0.3,60,35.2,2.57
10.1039/c8ee00402a,PtRu,1,1,4.42,0,0.3,50,31.9,2.57
10.1039/c8ee00402a,PtRu,1,1,4.42,0,0.3,40,29.7,2.57
10.1039/c8ee00402a,PtRu,1,1,4.42,0,0.3,20,24.2,2.57
10.1039/c8ee00402a,PtRu,1,1,4.42,0,0.3,10,19.7,2.57
10.1039/c8ee00402a,Pt,0,1,19.82,0,0.3,100,61.8,2.84
10.1039/c8ee00402a,Pt,0,1,19.82,0,0.3,80,53.9,2.84
10.1039/c8ee00402a,Pt,0,1,19.82,0,0.3,60,46.2,2.84
10.1039/c8ee00402a,Pt,0,1,19.82,0,0.3,50,40.7,2.84
10.1039/c8ee00402a,Pt,0,1,19.82,0,0.3,40,37.4,2.84
10.1039/c8ee00402a,Pt,0,1,19.82,0,0.3,20,25.3,2.84
10.1039/c8ee00402a,Pt,0,1,19.82,0,0.3,10,19.5,2.84
10.1039/c8ee00402a,Ru,0,0,4.31,0,0.3,100,166.4,2.65
10.1039/c8ee00402a,Ru,0,0,4.31,0,0.3,80,150.8,2.65
10.1039/c8ee00402a,Ru,0,0,4.31,0,0.3,60,134.3,2.65
10.1039/c8ee00402a,Ru,0,0,4.31,0,0.3,50,123.3,2.65
10.1039/c8ee00402a,Ru,0,0,4.31,0,0.3,40,112.2,2.65
10.1039/c8ee00402a,Ru,0,0,4.31,0,0.3,20,82.6,2.65
10.1039/c8ee00402a,Ru,0,0,4.31,0,0.3,10,58.1,2.65
10.1039/c7ta03629a,CoNiO,0,0,36.69,2.69,14,100,274,15
10.1039/c7ta03629a,CoNiO,0,0,36.69,2.69,14,80,258,15
10.1039/c7ta03629a,CoNiO,0,0,36.69,2.69,14,60,239,15
10.1039/c7ta03629a,CoNiO,0,0,36.69,2.69,14,50,226,15
10.1039/c7ta03629a,CoNiO,0,0,36.69,2.69,14,40,212,15
10.1039/c7ta03629a,CoNiO,0,0,36.69,2.69,14,20,164,15
10.1039/c7ta03629a,CoNiO,0,0,36.69,2.69,14,10,94,15
10.1039/c7ta03629a,NiO,0,0,14.55,1.34,14,100,367,39.1
10.1039/c7ta03629a,NiO,0,0,14.55,1.34,14,80,331,39.1
10.1039/c7ta03629a,NiO,0,0,14.55,1.34,14,60,289,39.1
10.1039/c7ta03629a,NiO,0,0,14.55,1.34,14,50,268,39.1
10.1039/c7ta03629a,NiO,0,0,14.55,1.34,14,40,245,39.1
10.1039/c7ta03629a,NiO,0,0,14.55,1.34,14,20,180,39.1
10.1039/c7ta03629a,NiO,0,0,14.55,1.34,14,10,108,39.1
10.1039/c7ta03629a,CoO,0,0,15.98,1.64,14,100,419,32.8
10.1039/c7ta03629a,CoO,0,0,15.98,1.64,14,80,402,32.8
10.1039/c7ta03629a,CoO,0,0,15.98,1.64,14,60,379,32.8
10.1039/c7ta03629a,CoO,0,0,15.98,1.64,14,50,370,32.8
10.1039/c7ta03629a,CoO,0,0,15.98,1.64,14,40,355,32.8
10.1039/c7ta03629a,CoO,0,0,15.98,1.64,14,20,303,32.8
10.1039/c7ta03629a,CoO,0,0,15.98,1.64,14,10,225,32.8
10.1039/c6ta06975d,CoNiP,0,0,100,0,0.3,50,225,5.35
10.1039/c6ta06975d,CoNiP,0,0,100,0,0.3,40,218.6,5.35
10.1039/c6ta06975d,CoNiP,0,0,100,0,0.3,20,197,5.35
10.1039/c6ta06975d,CoNiP,0,0,100,0,0.3,10,165,5.35
10.1039/c6ta06975d,CoNiP,0,0,78.06,0,0.3,50,171,5.35
10.1039/c6ta06975d,CoNiP,0,0,78.06,0,0.3,40,163,5.35
10.1039/c6ta06975d,CoNiP,0,0,78.06,0,0.3,20,135,5.35
10.1039/c6ta06975d,CoNiP,0,0,78.06,0,0.3,10,111.8,5.35
10.1039/c6ta06975d,CoNiP,0,0,64,0,0.3,50,156.4,5.35
10.1039/c6ta06975d,CoNiP,0,0,64,0,0.3,40,148,5.35
10.1039/c6ta06975d,CoNiP,0,0,64,0,0.3,20,125.6,5.35
10.1039/c6ta06975d,CoNiP,0,0,64,0,0.3,10,101,5.35
10.1039/c6ta06975d,CoNiP,0,0,41.57,0,0.3,50,148,5.35
10.1039/c6ta06975d,CoNiP,0,0,41.57,0,0.3,40,141,5.35
10.1039/c6ta06975d,CoNiP,0,0,41.57,0,0.3,20,118.8,5.35
10.1039/c6ta06975d,CoNiP,0,0,41.57,0,0.3,10,104,5.35
10.1039/c6ta06975d,CoNiP,0,0,43.52,0,0.3,50,164,4.52
10.1039/c6ta06975d,CoNiP,0,0,43.52,0,0.3,40,156.8,4.52
10.1039/c6ta06975d,CoNiP,0,0,43.52,0,0.3,20,135.4,4.52
10.1039/c6ta06975d,CoNiP,0,0,43.52,0,0.3,10,117.6,4.52
10.1039/c6ta06975d,CoNiP,0,0,38.68,0,0.3,50,221,3.65
10.1039/c6ta06975d,CoNiP,0,0,38.68,0,0.3,40,208.8,3.65
10.1039/c6ta06975d,CoNiP,0,0,38.68,0,0.3,20,169.8,3.65
10.1039/c6ta06975d,CoNiP,0,0,38.68,0,0.3,10,145,3.65
10.1039/c5ee02460a,FeCo,1,0,8.84,8.22,0.3,10,262,15
10.1039/c4fd00123k,Fe,0,0,8,4.2,0.3,10,396,15
10.1038/s41467-019-12851-w,Pt,0,1,4,12,0.3,10,11,1.56
10.1038/s41467-019-12851-w,Pt,0,1,4,12,0.3,20,13.4,1.56
10.1038/s41467-019-12851-w,Pt,0,1,4,12,0.3,40,17,1.56
10.1038/s41467-019-12851-w,Pt,0,1,4,12,0.3,50,17.4,1.56
10.1038/s41467-019-12851-w,Pt,0,1,4,12,0.3,10,53,0.35
10.1038/s41467-019-12851-w,Pt,0,1,4,12,0.3,20,77.5,0.35
10.1038/ncomms14969,RuCo,1,0,62.92,3.51,14,100,218,28.38
10.1038/ncomms14969,RuCo,1,0,62.92,3.51,14,10,28,28.38
10.1021/jacs.0c06960,NiCu,1,0,20.35,0,0.3,80,337,14.51
10.1021/jacs.0c06960,NiCu,1,0,20.35,0,0.3,60,317,14.51
10.1021/jacs.0c06960,NiCu,1,0,20.35,0,0.3,50,304,14.51
10.1021/jacs.0c06960,NiCu,1,0,20.35,0,0.3,40,287,14.51
10.1021/jacs.0c06960,NiCu,1,0,20.35,0,0.3,20,233,14.51
10.1021/jacs.0c06960,NiCu,1,0,20.35,0,0.3,10,186,14.51
10.1021/jacs.0c06960,NiCu,1,0,23.73,0,0.3,80,535,11.58
10.1021/jacs.0c06960,NiCu,1,0,23.73,0,0.3,60,511,11.58
10.1021/jacs.0c06960,NiCu,1,0,23.73,0,0.3,50,501,11.58
10.1021/jacs.0c06960,NiCu,1,0,23.73,0,0.3,40,486,11.58
10.1021/jacs.0c06960,NiCu,1,0,23.73,0,0.3,20,443,11.58
10.1021/jacs.0c06960,NiCu,1,0,23.73,0,0.3,10,400,11.58
10.1021/jacs.0c06960,NiCu,1,0,22,0,0.3,80,477,9.76
10.1021/jacs.0c06960,NiCu,1,0,22,0,0.3,60,457,9.76
10.1021/jacs.0c06960,NiCu,1,0,22,0,0.3,50,440,9.76
10.1021/jacs.0c06960,NiCu,1,0,22,0,0.3,40,424,9.76
10.1021/jacs.0c06960,NiCu,1,0,22,0,0.3,20,376,9.76
10.1021/jacs.0c06960,NiCu,1,0,22,0,0.3,10,334,9.76
10.1021/jacs.0c06960,Cu,0,0,19.26,0,0.3,80,583,21.04
10.1021/jacs.0c06960,Cu,0,0,19.26,0,0.3,60,564,21.04
10.1021/jacs.0c06960,Cu,0,0,19.26,0,0.3,50,555,21.04
10.1021/jacs.0c06960,Cu,0,0,19.26,0,0.3,40,543,21.04
10.1021/jacs.0c06960,Cu,0,0,19.26,0,0.3,20,508,21.04
10.1021/jacs.0c06960,Cu,0,0,19.26,0,0.3,10,471,21.04
10.1021/jacs.0c06960,Ni,0,0,30.24,0,0.3,80,553,13.86
10.1021/jacs.0c06960,Ni,0,0,30.24,0,0.3,60,536,13.86
10.1021/jacs.0c06960,Ni,0,0,30.24,0,0.3,50,522,13.86
10.1021/jacs.0c06960,Ni,0,0,30.24,0,0.3,40,512,13.86
10.1021/jacs.0c06960,Ni,0,0,30.24,0,0.3,20,472,13.86
10.1021/jacs.0c06960,Ni,0,0,30.24,0,0.3,10,437,13.86
10.1021/acssuschemeng.9b02426,CoFe,1,0,29.4,3.25,14,60,378,21
10.1021/acssuschemeng.9b02426,CoFe,1,0,29.4,3.25,14,50,358,21
10.1021/acssuschemeng.9b02426,CoFe,1,0,29.4,3.25,14,40,333,21
10.1021/acssuschemeng.9b02426,CoFe,1,0,29.4,3.25,14,20,276,21
10.1021/acssuschemeng.9b02426,CoFe,1,0,29.4,3.25,14,10,230,21
10.1021/acssuschemeng.9b02126,RuCo,1,0,20.3,0,7.4,60,370,10
10.1021/acssuschemeng.9b02126,RuCo,1,0,20.3,0,7.4,50,312,10
10.1021/acssuschemeng.9b02126,RuCo,1,0,20.3,0,7.4,40,259,10
10.1021/acssuschemeng.9b02126,RuCo,1,0,20.3,0,14,50,123,10
10.1021/acssuschemeng.9b02126,RuCo,1,0,20.3,0,0.3,50,123,10
10.1021/acssuschemeng.9b02126,RuCo,1,0,20.3,0,7.4,20,123,10
10.1021/acssuschemeng.9b02126,RuCo,1,0,20.3,0,14,40,100,10
10.1021/acssuschemeng.9b02126,RuCo,1,0,20.3,0,0.3,40,100,10
10.1021/acssuschemeng.9b02126,RuCo,1,0,20.3,0,14,20,50,10
10.1021/acssuschemeng.9b02126,RuCo,1,0,20.3,0,0.3,20,50,10
10.1021/acssuschemeng.9b02126,RuCo,1,0,20.3,0,7.4,10,49,10
10.1021/acssuschemeng.9b02126,RuCo,1,0,20.3,0,14,10,21,10
10.1021/acssuschemeng.9b02126,RuCo,1,0,20.3,0,0.3,10,21,10
10.1021/acssuschemeng.9b02126,Co,0,0,18.5,0,7.4,10,709,10
10.1021/acssuschemeng.9b02126,Co,0,0,18.5,0,0.3,20,552,10
10.1021/acssuschemeng.9b02126,Co,0,0,18.5,0,0.3,10,414,10
10.1021/acssuschemeng.9b02126,Co,0,0,18.5,0,14,40,271,10
10.1021/acssuschemeng.9b02126,Co,0,0,18.5,0,14,20,186,10
10.1021/acssuschemeng.9b02126,Co,0,0,18.5,0,14,10,127,10
10.1021/acssuschemeng.9b02126,Ru,0,0,1.86,0,7.4,60,429,10
10.1021/acssuschemeng.9b02126,Ru,0,0,1.86,0,7.4,50,362,10
10.1021/acssuschemeng.9b02126,Ru,0,0,1.86,0,7.4,40,294,10
10.1021/acssuschemeng.9b02126,Ru,0,0,1.86,0,0.3,60,188,10
10.1021/acssuschemeng.9b02126,Ru,0,0,1.86,0,0.3,50,170,10
10.1021/acssuschemeng.9b02126,Ru,0,0,1.86,0,0.3,40,153,10
10.1021/acssuschemeng.9b02126,Ru,0,0,1.86,0,7.4,20,152,10
10.1021/acssuschemeng.9b02126,Ru,0,0,1.86,0,14,50,125,10
10.1021/acssuschemeng.9b02126,Ru,0,0,1.86,0,0.3,20,109,10
10.1021/acssuschemeng.9b02126,Ru,0,0,1.86,0,14,40,105,10
10.1021/acssuschemeng.9b02126,Ru,0,0,1.86,0,0.3,10,78,10
10.1021/acssuschemeng.9b02126,Ru,0,0,1.86,0,7.4,10,69,10
10.1021/acssuschemeng.9b02126,Ru,0,0,1.86,0,14,20,59,10
10.1021/acssuschemeng.9b02126,Ru,0,0,1.86,0,14,10,31,10
10.1021/acssuschemeng.9b02126,0,0,0,0,0,0.3,10,517,0
10.1021/acssuschemeng.9b02126,0,0,0,0,0,14,10,370,0
10.1021/acssuschemeng.8b06745,CoRu,1,0,22.4,2.3,0.3,100,354,30
10.1021/acssuschemeng.8b06745,CoRu,1,0,22.4,2.3,14,100,336,30
10.1021/acssuschemeng.8b06745,CoRu,1,0,22.4,2.3,0.3,80,316,30
10.1021/acssuschemeng.8b06745,CoRu,1,0,22.4,2.3,14,80,289,30
10.1021/acssuschemeng.8b06745,CoRu,1,0,22.4,2.3,0.3,60,271,30
10.1021/acssuschemeng.8b06745,CoRu,1,0,22.4,2.3,0.3,50,244,30
10.1021/acssuschemeng.8b06745,CoRu,1,0,22.4,2.3,14,60,239,30
10.1021/acssuschemeng.8b06745,CoRu,1,0,22.4,2.3,0.3,40,217,30
10.1021/acssuschemeng.8b06745,CoRu,1,0,22.4,2.3,14,50,211,30
10.1021/acssuschemeng.8b06745,CoRu,1,0,22.4,2.3,14,40,185,30
10.1021/acssuschemeng.8b06745,CoRu,1,0,22.4,2.3,0.3,20,152,30
10.1021/acssuschemeng.8b06745,CoRu,1,0,22.4,2.3,14,20,118,30
10.1021/acssuschemeng.8b06745,CoRu,1,0,22.4,2.3,0.3,10,116,30
10.1021/acssuschemeng.8b06745,CoRu,1,0,22.4,2.3,14,10,70,30
10.1021/acssuschemeng.8b06745,CoRu,1,0,15.4,1.8,0.3,100,300,30
10.1021/acssuschemeng.8b06745,CoRu,1,0,15.4,1.8,0.3,80,265,30
10.1021/acssuschemeng.8b06745,CoRu,1,0,15.4,1.8,14,100,247,30
10.1021/acssuschemeng.8b06745,CoRu,1,0,15.4,1.8,0.3,60,229,30
10.1021/acssuschemeng.8b06745,CoRu,1,0,15.4,1.8,14,80,210,30
10.1021/acssuschemeng.8b06745,CoRu,1,0,15.4,1.8,0.3,50,208,30
10.1021/acssuschemeng.8b06745,CoRu,1,0,15.4,1.8,0.3,40,186,30
10.1021/acssuschemeng.8b06745,CoRu,1,0,15.4,1.8,14,60,169,30
10.1021/acssuschemeng.8b06745,CoRu,1,0,15.4,1.8,14,50,148,30
10.1021/acssuschemeng.8b06745,CoRu,1,0,15.4,1.8,0.3,20,132,30
10.1021/acssuschemeng.8b06745,CoRu,1,0,15.4,1.8,14,40,122,30
10.1021/acssuschemeng.8b06745,CoRu,1,0,15.4,1.8,0.3,10,94,30
10.1021/acssuschemeng.8b06745,CoRu,1,0,15.4,1.8,14,20,68,30
10.1021/acssuschemeng.8b06745,CoRu,1,0,15.4,1.8,14,10,27,30
10.1021/acssuschemeng.8b06745,Co,0,0,18.3,1.65,0.3,40,649,30
10.1021/acssuschemeng.8b06745,Co,0,0,18.3,1.65,0.3,20,561,30
10.1021/acssuschemeng.8b06745,Co,0,0,18.3,1.65,0.3,10,484,30
10.1021/acssuschemeng.8b06745,Co,0,0,18.3,1.65,14,20,318,30
10.1021/acssuschemeng.8b06745,Co,0,0,18.3,1.65,14,10,273,30
10.1021/acsnano.8b01022,PtNiFe,1,1,7.91,1.77,14,80,391,7.3
10.1021/acsnano.8b01022,PtNiFe,1,1,7.91,1.77,14,60,317,7.3
10.1021/acsnano.8b01022,PtNiFe,1,1,7.91,1.77,14,50,276,7.3
10.1021/acsnano.8b01022,PtNiFe,1,1,7.91,1.77,14,40,233,7.3
10.1021/acsnano.8b01022,PtNiFe,1,1,7.91,1.77,14,20,136,7.3
10.1021/acsnano.8b01022,PtNiFe,1,1,7.91,1.77,14,10,83,7.3
10.1021/acsnano.8b01022,PtNiCu,1,1,7.64,1.8,14,150,360,7.3
10.1021/acsnano.8b01022,PtNiCu,1,1,7.64,1.8,14,100,260,7.3
10.1021/acsnano.8b01022,PtNiCu,1,1,7.64,1.8,14,80,216,7.3
10.1021/acsnano.8b01022,PtNiCu,1,1,7.64,1.8,14,60,172,7.3
10.1021/acsnano.8b01022,PtNiCu,1,1,7.64,1.8,14,50,150,7.3
10.1021/acsnano.8b01022,PtNiCu,1,1,7.64,1.8,14,40,125,7.3
10.1021/acsnano.8b01022,PtNiCu,1,1,7.64,1.8,14,20,68,7.3
10.1021/acsnano.8b01022,PtNiCu,1,1,7.64,1.8,14,10,38,7.3
10.1021/acsnano.8b01022,PtNiCuTb,1,1,6.36,1.89,14,100,394,7.3
10.1021/acsnano.8b01022,PtNiCuTb,1,1,6.36,1.89,14,80,346,7.3
10.1021/acsnano.8b01022,PtNiCuTb,1,1,6.36,1.89,14,60,294,7.3
10.1021/acsnano.8b01022,PtNiCuTb,1,1,6.36,1.89,14,50,264,7.3
10.1021/acsnano.8b01022,PtNiCuTb,1,1,6.36,1.89,14,40,230,7.3
10.1021/acsnano.8b01022,PtNiCuTb,1,1,6.36,1.89,14,20,146,7.3
10.1021/acsnano.8b01022,PtNiCuTb,1,1,6.36,1.89,14,10,82,7.3
10.1021/acsnano.8b01022,PtNi,1,1,14.2,1.48,14,60,391,7.2
10.1021/acsnano.8b01022,PtNi,1,1,14.2,1.48,14,50,348,7.2
10.1021/acsnano.8b01022,PtNi,1,1,14.2,1.48,14,40,304,7.2
10.1021/acsnano.8b01022,PtNi,1,1,14.2,1.48,14,20,190,7.2
10.1021/acsnano.8b01022,PtNi,1,1,14.2,1.48,14,10,118,7.2
10.1021/acsnano.8b01022,PtNiCo,1,1,10.74,1.9,14,100,367,7.2
10.1021/acsnano.8b01022,PtNiCo,1,1,10.74,1.9,14,80,306,7.2
10.1021/acsnano.8b01022,PtNiCo,1,1,10.74,1.9,14,60,246,7.2
10.1021/acsnano.8b01022,PtNiCo,1,1,10.74,1.9,14,50,215,7.2
10.1021/acsnano.8b01022,PtNiCo,1,1,10.74,1.9,14,40,184,7.2
10.1021/acsnano.8b01022,PtNiCo,1,1,10.74,1.9,14,20,112,7.2
10.1021/acsnano.8b01022,PtNiCo,1,1,10.74,1.9,14,10,69,7.2
10.1021/acsnano.8b01022,PtNiMn,1,1,9.87,1.96,14,60,397,7.2
10.1021/acsnano.8b01022,PtNiMn,1,1,9.87,1.96,14,50,344,7.2
10.1021/acsnano.8b01022,PtNiMn,1,1,9.87,1.96,14,40,288,7.2
10.1021/acsnano.8b01022,PtNiMn,1,1,9.87,1.96,14,20,161,7.2
10.1021/acsnano.8b01022,PtNiMn,1,1,9.87,1.96,14,10,90,7.2
10.1021/acsnano.8b01022,PtNiCuFe,1,1,6.16,1.82,14,150,386,7.2
10.1021/acsnano.8b01022,PtNiCuFe,1,1,6.16,1.82,14,100,280,7.2
10.1021/acsnano.8b01022,PtNiCuFe,1,1,6.16,1.82,14,80,232,7.2
10.1021/acsnano.8b01022,PtNiCuFe,1,1,6.16,1.82,14,60,182,7.2
10.1021/acsnano.8b01022,PtNiCuFe,1,1,6.16,1.82,14,50,157,7.2
10.1021/acsnano.8b01022,PtNiCuFe,1,1,6.16,1.82,14,40,131,7.2
10.1021/acsnano.8b01022,PtNiCuFe,1,1,6.16,1.82,14,20,73,7.2
10.1021/acsnano.8b01022,PtNiCuFe,1,1,6.16,1.82,14,10,40,7.2
10.1021/acsnano.8b01022,PtNiTb,1,1,11.44,1.74,14,80,431,7.1
10.1021/acsnano.8b01022,PtNiTb,1,1,11.44,1.74,14,60,367,7.1
10.1021/acsnano.8b01022,PtNiTb,1,1,11.44,1.74,14,50,333,7.1
10.1021/acsnano.8b01022,PtNiTb,1,1,11.44,1.74,14,40,293,7.1
10.1021/acsnano.8b01022,PtNiTb,1,1,11.44,1.74,14,20,194,7.1
10.1021/acsnano.8b01022,PtNiTb,1,1,11.44,1.74,14,10,126,7.1
10.1021/acsnano.8b01022,Pt,0,1,6.22,1.82,14,150,323,5.5
10.1021/acsnano.8b01022,Pt,0,1,6.22,1.82,14,100,235,5.5
10.1021/acsnano.8b01022,Pt,0,1,6.22,1.82,14,80,194,5.5
10.1021/acsnano.8b01022,Pt,0,1,6.22,1.82,14,60,155,5.5
10.1021/acsnano.8b01022,Pt,0,1,6.22,1.82,14,50,133,5.5
10.1021/acsnano.8b01022,Pt,0,1,6.22,1.82,14,40,111,5.5
10.1021/acsnano.8b01022,Pt,0,1,6.22,1.82,14,20,60,5.5
10.1021/acsnano.8b01022,Pt,0,1,6.22,1.82,14,10,30,5.5
10.1021/acsnano.8b01022,Ni,0,0,4.15,6.9,14,60,450,7.5
10.1021/acsnano.8b01022,Ni,0,0,4.15,6.9,14,50,428,7.5
10.1021/acsnano.8b01022,Ni,0,0,4.15,6.9,14,40,404,7.5
10.1021/acsnano.8b01022,Ni,0,0,4.15,6.9,14,20,345,7.5
10.1021/acsnano.8b01022,Ni,0,0,4.15,6.9,14,10,298,7.5
10.1021/acscatal.9b02305,Pt,0,1,20,0,0.3,10,42.03,3.32
10.1021/acscatal.9b02305,Pt,0,1,20,0,0.3,20,51,3.32
10.1021/acscatal.9b02305,Pt,0,1,20,0,0.3,40,63,3.32
10.1021/acscatal.9b02305,Pt,0,1,20,0,0.3,50,67,3.32
10.1021/acscatal.9b02305,Pt,0,1,20,0,0.3,100,87.4,3.32
10.1021/acscatal.9b02305,Pt,0,1,2,12.08,0.3,10,35.28,0.61
10.1021/acscatal.9b02305,Pt,0,1,2,12.08,0.3,20,43,0.61
10.1021/acscatal.9b02305,Pt,0,1,2,12.08,0.3,40,50,0.61
10.1021/acscatal.9b02305,Pt,0,1,2,12.08,0.3,50,54,0.61
10.1021/acscatal.9b02305,Pt,0,1,2,12.08,0.3,100,69,0.61
10.1021/acscatal.9b02305,Pt,0,1,1,12.08,0.3,10,47.2,0.54
10.1021/acscatal.9b02305,Pt,0,1,1,12.08,0.3,20,56,0.54
10.1021/acscatal.9b02305,Pt,0,1,1,12.08,0.3,40,68,0.54
10.1021/acscatal.9b02305,Pt,0,1,1,12.08,0.3,50,73,0.54
10.1021/acscatal.9b02305,Pt,0,1,1,12.08,0.3,100,100,0.54
10.1021/acscatal.9b02305,PtMoO,0,1,0.5,12.08,0.3,10,66.1,0.35
10.1021/acscatal.9b02305,PtMoO,0,1,0.5,12.08,0.3,20,98,0.35
10.1021/acscatal.9b02305,PtMoO,0,1,0.5,12.08,0.3,40,146,0.35
10.1021/acscatal.9b02305,PtMoO,0,1,0.5,12.08,0.3,50,164,0.35
10.1021/acscatal.9b02305,Pt,0,1,0.25,12.08,0.3,10,95.75,0.35
10.1021/acscatal.9b02305,Pt,0,1,0.25,12.08,0.3,20,141,0.35
10.1021/acscatal.7b02246,Pt,0,1,5.4,0,0,10,26,0.35
10.1021/acscatal.7b02246,Pt,0,1,5.4,0,0,20,38,0.35
10.1021/acscatal.7b02246,Pt,0,1,5.4,0,0,40,61,0.35
10.1021/acscatal.7b02246,Pt,0,1,5.4,0,0,50,71,0.35
10.1021/acscatal.7b02246,Pt,0,1,5.4,0,0,100,112,0.35
10.1021/acsami.9b20781,Pt,0,1,20.3,0,0.3,10,18.2,4.24
10.1021/acsami.9b20781,Pt,0,1,20.3,0,0.3,20,22,4.24
10.1021/acsami.9b20781,Pt,0,1,20.3,0,14,10,63,4.24
10.1021/acsami.9b20781,Pt,0,1,20.3,0,14,20,97,4.24
10.1021/acsami.9b20781,Pt,0,1,17.2,0,0.3,10,14.3,3.05
10.1021/acsami.9b20781,Pt,0,1,17.2,0,0.3,20,21,3.05
10.1021/acsami.9b20781,Pt,0,1,17.2,0,14,10,37.2,3.05
10.1021/acsami.9b20781,Pt,0,1,17.2,0,14,20,72,3.05
10.1021/acsami.9b20781,Pt,0,1,15.7,0,0.3,10,16.5,2.93
10.1021/acsami.9b20781,Pt,0,1,15.7,0,0.3,20,17,2.93
10.1021/acsami.9b20781,Pt,0,1,15.7,0,14,10,48.4,2.93
10.1021/acsami.9b20781,Pt,0,1,15.7,0,14,20,56,2.93
10.1021/acsami.8b20209,Pt,0,1,11.24,3.4,0.3,10,32,10
10.1021/acsami.8b20209,Pt,0,1,11.24,3.4,0.3,20,36.7,10
10.1021/acsami.8b20209,Pt,0,1,11.24,3.4,0.3,40,42.5,10
10.1021/acsami.8b20209,Pt,0,1,11.24,3.4,0.3,50,43.3,10
10.1021/acsami.8b20209,Pt,0,1,11.24,3.4,0.3,100,54.3,10
10.1021/acsami.8b20209,Pt,0,1,11.24,3.4,0.3,150,66,10
10.1021/acsami.8b20209,Pt,0,1,11.24,3.4,14,10,64,10
10.1021/acsami.8b20209,Pt,0,1,11.24,3.4,14,20,96,10
10.1021/acsami.8b20209,Pt,0,1,11.24,3.4,14,40,144,10
10.1021/acsami.8b20209,Pt,0,1,11.24,3.4,14,50,166,10
10.1021/acsami.8b20209,Pt,0,1,11.24,3.4,7.4,10,34.6,10
10.1021/acsami.8b20209,Pt,0,1,11.24,3.4,7.4,20,80,10
10.1021/acsami.8b20209,Pt,0,1,11.24,3.4,7.4,40,158,10
10.1021/acsami.8b20209,Pt,0,1,11.24,3.4,7.4,50,190,10
10.1021/acsami.8b20209,Pt,0,1,9.5,4.5,0.3,10,32,5
10.1021/acsami.8b20209,Pt,0,1,9.5,4.5,0.3,20,37.5,5
10.1021/acsami.8b20209,Pt,0,1,9.5,4.5,0.3,40,49,5
10.1021/acsami.8b20209,Pt,0,1,9.5,4.5,0.3,50,57.2,5
10.1021/acsami.8b20209,Pt,0,1,9.5,4.5,0.3,100,99.8,5
10.1021/acsami.8b20209,Pt,0,1,9.5,4.5,0.3,150,141,5
10.1021/acsami.8b20209,Pt,0,1,9.5,4.5,14,10,62,5
10.1021/acsami.8b20209,Pt,0,1,9.5,4.5,14,20,97,5
10.1021/acsami.8b20209,Pt,0,1,9.5,4.5,14,40,145,5
10.1021/acsami.8b20209,Pt,0,1,9.5,4.5,14,50,165,5
10.1021/acsami.8b20209,Pt,0,1,9.5,4.5,14,100,234,5
10.1021/acsami.8b20209,Pt,0,1,9.5,4.5,7.4,10,20,5
10.1021/acsami.8b20209,Pt,0,1,9.5,4.5,7.4,20,58,5
10.1021/acsami.8b20209,Pt,0,1,9.5,4.5,7.4,40,120,5
10.1021/acsami.8b20209,Pt,0,1,9.5,4.5,7.4,50,149,5
10.1021/acsami.8b20209,Pt,0,1,7.49,3.5,0.3,10,27,5
10.1021/acsami.8b20209,Pt,0,1,7.49,3.5,0.3,20,31,5
10.1021/acsami.8b20209,Pt,0,1,7.49,3.5,0.3,40,37.6,5
10.1021/acsami.8b20209,Pt,0,1,7.49,3.5,0.3,50,39.4,5
10.1021/acsami.8b20209,Pt,0,1,7.49,3.5,0.3,100,47.9,5
10.1021/acsami.8b20209,Pt,0,1,7.49,3.5,0.3,150,51.5,5
10.1021/acsami.8b20209,Pt,0,1,7.49,3.5,0.3,200,57,5
10.1021/acsami.8b20209,Pt,0,1,7.49,3.5,14,10,47,5
10.1021/acsami.8b20209,Pt,0,1,7.49,3.5,14,20,73,5
10.1021/acsami.8b20209,Pt,0,1,7.49,3.5,14,40,106,5
10.1021/acsami.8b20209,Pt,0,1,7.49,3.5,14,50,121,5
10.1021/acsami.8b20209,Pt,0,1,7.49,3.5,14,100,173,5
10.1021/acsami.8b20209,Pt,0,1,7.49,3.5,7.4,10,25,5
10.1021/acsami.8b20209,Pt,0,1,7.49,3.5,7.4,20,26,5
10.1021/acsami.8b20209,Pt,0,1,7.49,3.5,7.4,40,52,5
10.1021/acsami.8b20209,Pt,0,1,7.49,3.5,7.4,50,66,5
10.1021/acsami.8b20209,Pt,0,1,3.75,3.7,0.3,10,29,5
10.1021/acsami.8b20209,Pt,0,1,3.75,3.7,0.3,20,34.8,5
10.1021/acsami.8b20209,Pt,0,1,3.75,3.7,0.3,40,41.8,5
10.1021/acsami.8b20209,Pt,0,1,3.75,3.7,0.3,50,44.4,5
10.1021/acsami.8b20209,Pt,0,1,3.75,3.7,0.3,100,56.2,5
10.1021/acsami.8b20209,Pt,0,1,3.75,3.7,0.3,150,63.5,5
10.1021/acsami.8b20209,Pt,0,1,3.75,3.7,14,10,55,5
10.1021/acsami.8b20209,Pt,0,1,3.75,3.7,14,20,85.5,5
10.1021/acsami.8b20209,Pt,0,1,3.75,3.7,14,40,129.5,5
10.1021/acsami.8b20209,Pt,0,1,3.75,3.7,14,50,147,5
10.1021/acsami.8b20209,Pt,0,1,3.75,3.7,14,100,214,5
10.1021/acsami.8b20209,Pt,0,1,3.75,3.7,7.4,10,62,5
10.1021/acsami.8b20209,Pt,0,1,3.75,3.7,7.4,20,93.4,5
10.1021/acsami.8b20209,Pt,0,1,3.75,3.7,7.4,40,148,5
10.1021/acsami.8b20209,Pt,0,1,3.75,3.7,7.4,50,166,5
10.1021/acsami.8b20209,0,0,0,0,5,0.3,10,660,0
10.1021/acsami.8b20209,0,0,0,0,5,0.3,20,703,0
10.1021/acsami.8b20209,0,0,0,0,5,0.3,40,755,0
10.1021/acsami.8b20209,0,0,0,0,5,14,10,766,0
10.1021/acsami.8b20209,0,0,0,0,5,7.4,10,694,0
10.1021/acsami.8b00240,0,0,0,0,3.65,14,20,456,0
10.1021/acsami.8b00240,0,0,0,0,3.65,14,10,392,0
10.1021/acsami.6b03924,Pt,0,1,31.4,4.52,0.3,10,50,5
10.1021/acsami.6b03924,Pt,0,1,31.4,4.52,0.3,20,74,5
10.1021/acsami.6b03924,Pt,0,1,20.1,3.05,0.3,10,66,5
10.1021/acsami.6b03924,Pt,0,1,20.1,3.05,0.3,20,92,5
10.1021/acsami.6b03924,Pt,0,1,13.6,7.22,0.3,10,47,5
10.1021/acsami.6b03924,Pt,0,1,13.6,7.22,0.3,20,68.5,5
10.1021/acsami.6b03924,Pt,0,1,0.13,11.62,0.3,10,210,5
10.1021/acsami.6b03924,Pt,0,1,0.13,11.62,0.3,20,267,5
10.1021/acsami.6b03924,0,0,0,0,11.62,0.3,10,582,0
10.1021/acsami.6b03924,0,0,0,0,11.62,0.3,20,661,0
10.1021/acsami.6b03924,0,0,0,0,4.52,0.3,10,626,0
10.1021/acsami.6b03924,0,0,0,0,4.52,0.3,20,686,0
10.1021/acsami.6b03924,0,0,0,0,7.22,0.3,10,513,0
10.1021/acsami.6b03924,0,0,0,0,7.22,0.3,20,598,0
10.1021/acsami.6b03924,0,0,0,0,3.05,0.3,10,700,0
10.1021/acsami.6b03924,0,0,0,0,3.05,0.3,20,759,0
10.1021/acsami.1c06032,CoW,1,0,43.86,9.36,0.3,10,248.9,20
10.1021/acsami.1c06032,NiFeCoW,1,0,40.93,5.84,0.3,10,127.8,20
10.1021/acsami.1c06032,NiFeCoW,1,0,35.26,9.17,0.3,10,151.2,20
10.1021/acsami.1c06032,NiFe,1,0,24.18,10.15,0.3,10,272.9,20
10.1021/acsami.0c13836,NiFeO,0,0,10.74,0,14,100,269,10
10.1021/acsami.0c13836,NiFeO,0,0,10.74,0,14,80,246,10
10.1021/acsami.0c13836,NiFeO,0,0,10.74,0,14,60,218,10
10.1021/acsami.0c13836,NiFeO,0,0,10.74,0,14,50,205,10
10.1021/acsami.0c13836,NiFeO,0,0,10.74,0,14,40,188,10
10.1021/acsami.0c13836,NiFeO,0,0,10.74,0,14,20,152,10
10.1021/acsami.0c13836,NiFeO,0,0,10.74,0,14,10,128,10
10.1021/acs.jpcc.7b08283,PtMoO,0,1,3,0,0.3,10,69,0.35
10.1021/acs.jpcc.7b08283,PtMoO,0,1,3,0,0.3,20,95.7,0.35
10.1021/acs.jpcc.7b08283,PtMoO,0,1,3,0,0.3,40,139,0.35
10.1021/acs.jpcc.7b08283,PtMoO,0,1,3,0,0.3,50,157,0.35
10.1021/acs.jpcc.7b08283,PtMoO,0,1,1.5,0,0.3,10,66,0.35
10.1021/acs.jpcc.7b08283,PtMoO,0,1,1.5,0,0.3,20,90,0.35
10.1021/acs.jpcc.7b08283,PtMoO,0,1,1.5,0,0.3,40,129,0.35
10.1021/acs.jpcc.7b08283,PtMoO,0,1,1.5,0,0.3,50,146.9,0.35
10.1021/acs.jpcc.7b08283,PtMoO,0,1,0.5,0,0.3,10,60,0.35
10.1021/acs.jpcc.7b08283,PtMoO,0,1,0.5,0,0.3,20,84,0.35
10.1021/acs.jpcc.7b08283,PtMoO,0,1,0.5,0,0.3,40,125,0.35
10.1021/acs.jpcc.7b08283,PtMoO,0,1,0.5,0,0.3,50,143.5,0.35
10.1021/acs.jpcc.7b08283,PtMoO,0,1,0.1,0,0.3,10,61.3,0.35
10.1021/acs.jpcc.7b08283,PtMoO,0,1,0.1,0,0.3,20,87,0.35
10.1021/acs.jpcc.7b08283,PtMoO,0,1,0.1,0,0.3,40,130,0.35
10.1021/acs.jpcc.7b08283,PtMoO,0,1,0.1,0,0.3,50,149,0.35
10.1021/acs.jpcc.7b01447,Pt,0,1,1.5,12.4,0.3,10,33.9,3
10.1021/acs.jpcc.7b01447,Pt,0,1,1.5,12.4,0.3,60,50,3
10.1021/acs.jpcc.7b01447,Pt,0,1,0.95,11.2,0.3,10,15.9,3
10.1021/acs.jpcc.7b01447,Pt,0,1,0.95,11.2,0.3,60,85,3
10.1021/acs.jpcc.7b01447,Pt,0,1,0.8,9,0.3,10,16,3
10.1021/acs.jpcc.7b01447,Pt,0,1,0.8,9,0.3,60,94,3
10.1021/acs.jpcc.7b01447,Pt,0,1,0.6,8.5,0.3,10,26.4,3
10.1021/acs.jpcc.7b01447,Pt,0,1,0.6,8.5,0.3,60,123,3
10.1021/acs.jpcc.0c01043,PtFe,1,1,1.5,4.8,0.3,10,188,0.35
10.1021/acs.jpcc.0c01043,PtFe,1,1,1.5,4.8,0.3,20,262,0.35
10.1021/acs.jpcc.0c01043,PtFe,1,1,1.5,4.8,0.3,10,332,0.35
10.1021/acs.jpcc.0c01043,PtFe,1,1,1.5,4.8,0.3,20,452,0.35
10.1021/acs.jpcc.0c01043,PtFe,1,1,1.5,4.8,0.3,10,209,0.35
10.1021/acs.jpcc.0c01043,PtFe,1,1,1.5,4.8,0.3,20,315,0.35
10.1021/acs.jpcc.0c01043,PtFe,1,1,1.5,4.8,0.3,10,189,0.35
10.1021/acs.jpcc.0c01043,PtFe,1,1,1.5,4.8,0.3,20,230,0.35
10.1021/acs.jpcc.0c01043,PtFe,1,1,1.5,4.8,0.3,10,51,0.35
10.1021/acs.jpcc.0c01043,PtFe,1,1,1.5,4.8,0.3,20,93,0.35
10.1016/j.nanoen.2019.06.045,Pt,0,1,0.452,1.4,0.3,10,49.5,1
10.1016/j.nanoen.2019.06.045,Pt,0,1,0.452,1.4,0.3,20,61,1
10.1016/j.nanoen.2019.06.045,Pt,0,1,0.452,1.4,0.3,40,76,1
10.1016/j.nanoen.2019.06.045,Pt,0,1,0.452,1.4,0.3,50,81,1
10.1016/j.nanoen.2019.06.045,Pt,0,1,0.452,1.4,0.3,100,105,1
10.1016/j.nanoen.2019.06.045,Pt,0,1,0.323,0.68,0.3,10,43.9,0.35
10.1016/j.nanoen.2019.06.045,Pt,0,1,0.323,0.68,0.3,20,52,0.35
10.1016/j.nanoen.2019.06.045,Pt,0,1,0.323,0.68,0.3,40,64,0.35
10.1016/j.nanoen.2019.06.045,Pt,0,1,0.323,0.68,0.3,50,69.5,0.35
10.1016/j.nanoen.2019.06.045,Pt,0,1,0.323,0.68,0.3,100,90.5,0.35
10.1016/j.nanoen.2017.07.032,Pt,0,1,3.6,12.4,1,10,57,3.2
10.1016/j.nanoen.2017.07.032,Pt,0,1,3.6,12.4,1,20,103,3.2
10.1016/j.nanoen.2017.07.032,Pt,0,1,3.6,12.4,1,40,192,3.2
10.1016/j.nanoen.2017.07.032,Pt,0,1,3.6,12.4,1,50,236,3.2
10.1016/j.nanoen.2017.07.032,Pt,0,1,3.6,12.4,1,60,278,3.2
10.1016/j.jssc.2018.03.030,PtCo,1,1,24.83,0,13,10,370,7.5
10.1016/j.jssc.2018.03.030,PtCo,1,1,19.65,0,13,10,280,7.5
10.1016/j.jssc.2018.03.030,Pt,0,1,46,0,13,10,470,3.5
10.1016/j.jpowsour.2018.09.006,PtNi,1,1,10.11,4.3,14,100,220,6
10.1016/j.jpowsour.2018.09.006,PtNi,1,1,10.11,4.3,14,80,202,6
10.1016/j.jpowsour.2018.09.006,PtNi,1,1,10.11,4.3,14,60,177,6
10.1016/j.jpowsour.2018.09.006,PtNi,1,1,10.11,4.3,14,50,159,6
10.1016/j.jpowsour.2018.09.006,PtNi,1,1,10.11,4.3,14,40,139,6
10.1016/j.jpowsour.2018.09.006,PtNi,1,1,10.11,4.3,14,20,79,6
10.1016/j.jpowsour.2018.09.006,PtNi,1,1,10.11,4.3,14,10,42,6
10.1016/j.jelechem.2018.05.013,PtPd,1,1,6.95,37.69,0.3,10,29,2.5
10.1016/j.jelechem.2018.05.013,PtPd,1,1,6.95,37.69,0.3,20,38,2.5
10.1016/j.jelechem.2018.05.013,PtPd,1,1,6.95,37.69,0.3,40,45,2.5
10.1016/j.jelechem.2018.05.013,PtPd,1,1,6.95,37.69,0.3,50,48,2.5
10.1016/j.jelechem.2018.05.013,PtPd,1,1,6.95,37.69,0.3,60,50.5,2.5
10.1016/j.jelechem.2018.05.013,PtPd,1,1,6.95,37.69,14,10,46,2.5
10.1016/j.jelechem.2018.05.013,PtPd,1,1,6.95,37.69,14,20,83,2.5
10.1016/j.jelechem.2018.05.013,PtPd,1,1,6.95,37.69,14,40,120,2.5
10.1016/j.jelechem.2018.05.013,PtPd,1,1,6.95,37.69,14,50,134,2.5
10.1016/j.jelechem.2018.05.013,Pt,0,1,10,0,0.3,10,41,3.5
10.1016/j.jelechem.2018.05.013,Pt,0,1,10,0,0.3,20,49,3.5
10.1016/j.jelechem.2018.05.013,Pt,0,1,10,0,0.3,40,57.6,3.5
10.1016/j.jelechem.2018.05.013,Pt,0,1,10,0,0.3,50,60.4,3.5
10.1016/j.jelechem.2018.05.013,Pt,0,1,10,0,0.3,60,64.7,3.5
10.1016/j.jelechem.2018.05.013,Pt,0,1,10,0,14,10,64,3.5
10.1016/j.jelechem.2018.05.013,Pt,0,1,10,0,14,20,161,3.5
10.1016/j.jelechem.2018.05.013,Pt,0,1,14,37.69,0.3,10,58,2.5
10.1016/j.jelechem.2018.05.013,Pt,0,1,14,37.69,0.3,20,69,2.5
10.1016/j.jelechem.2018.05.013,Pt,0,1,14,37.69,0.3,40,83,2.5
10.1016/j.jelechem.2018.05.013,Pt,0,1,14,37.69,0.3,50,90,2.5
10.1016/j.jelechem.2018.05.013,Pt,0,1,14,37.69,0.3,60,96,2.5
10.1016/j.jelechem.2018.05.013,Pt,0,1,14,37.69,14,10,50,2.5
10.1016/j.jelechem.2018.05.013,Pt,0,1,14,37.69,14,20,93,2.5
10.1016/j.jelechem.2018.05.013,Pt,0,1,14,37.69,14,40,166,2.5
10.1016/j.jelechem.2018.05.013,Pt,0,1,14,37.69,14,50,192,2.5
10.1016/j.jechem.2021.04.065,PtSr,1,1,11.52,27,0.3,80,60,2.1
10.1016/j.jechem.2021.04.065,PtSr,1,1,11.52,27,0.3,60,52,2.1
10.1016/j.jechem.2021.04.065,PtSr,1,1,11.52,27,0.3,50,48,2.1
10.1016/j.jechem.2021.04.065,PtSr,1,1,11.52,27,0.3,40,45,2.1
10.1016/j.jechem.2021.04.065,PtSr,1,1,11.52,27,0.3,20,35.5,2.1
10.1016/j.jechem.2021.04.065,PtSr,1,1,11.52,27,0.3,10,27,2.1
10.1016/j.jechem.2021.04.065,Pt,0,1,9.58,27,0.3,80,108,2.1
10.1016/j.jechem.2021.04.065,Pt,0,1,9.58,27,0.3,60,90,2.1
10.1016/j.jechem.2021.04.065,Pt,0,1,9.58,27,0.3,50,80,2.1
10.1016/j.jechem.2021.04.065,Pt,0,1,9.58,27,0.3,40,71,2.1
10.1016/j.jechem.2021.04.065,Pt,0,1,9.58,27,0.3,20,50,2.1
10.1016/j.jechem.2021.04.065,Pt,0,1,9.58,27,0.3,10,38,2.1
10.1016/j.jcis.2022.01.001,CoNiRu,1,0,11.23,0,14,100,259,28
10.1016/j.jcis.2022.01.001,CoNiRu,1,0,11.23,0,14,80,234,28
10.1016/j.jcis.2022.01.001,CoNiRu,1,0,11.23,0,14,60,204,28
10.1016/j.jcis.2022.01.001,CoNiRu,1,0,11.23,0,14,50,186,28
10.1016/j.jcis.2022.01.001,CoNiRu,1,0,11.23,0,14,40,167,28
10.1016/j.jcis.2022.01.001,CoNiRu,1,0,11.23,0,14,20,120,28
10.1016/j.jcis.2022.01.001,CoNiRu,1,0,11.23,0,14,10,78,28
10.1016/j.jcis.2020.06.124,IrPdPb,1,0,100,0,14,100,148,5
10.1016/j.jcis.2020.06.124,IrPdPb,1,0,100,0,14,80,124,5
10.1016/j.jcis.2020.06.124,IrPdPb,1,0,100,0,14,60,96,5
10.1016/j.jcis.2020.06.124,IrPdPb,1,0,100,0,14,50,84,5
10.1016/j.jcis.2020.06.124,IrPdPb,1,0,100,0,14,40,72,5
10.1016/j.jcis.2020.06.124,IrPdPb,1,0,100,0,14,20,42,5
10.1016/j.jcis.2020.06.124,IrPdPb,1,0,100,0,14,10,21,5
10.1016/j.jcis.2020.02.063,NiPd,1,0,14,3.1,0.3,100,404,25
10.1016/j.jcis.2020.02.063,NiPd,1,0,14,3.1,0.3,80,360,25
10.1016/j.jcis.2020.02.063,NiPd,1,0,14,3.1,0.3,60,310,25
10.1016/j.jcis.2020.02.063,NiPd,1,0,14,3.1,0.3,50,279,25
10.1016/j.jcis.2020.02.063,NiPd,1,0,14,3.1,0.3,40,245,25
10.1016/j.jcis.2020.02.063,NiPd,1,0,14,3.1,0.3,20,152,25
10.1016/j.jcis.2020.02.063,NiPd,1,0,14,3.1,0.3,10,63,25
10.1016/j.jcis.2020.02.063,Ni,0,0,4.1,1.8,0.3,60,468,5
10.1016/j.jcis.2020.02.063,Ni,0,0,4.1,1.8,0.3,50,438,5
10.1016/j.jcis.2020.02.063,Ni,0,0,4.1,1.8,0.3,40,403,5
10.1016/j.jcis.2020.02.063,Ni,0,0,4.1,1.8,0.3,20,285,5
10.1016/j.jcis.2020.02.063,Ni,0,0,4.1,1.8,0.3,10,120,5
10.1016/j.jcis.2018.11.017,FeCo,1,0,18.14,1.22,14,60,409,30
10.1016/j.jcis.2018.11.017,FeCo,1,0,18.14,1.22,14,50,395,30
10.1016/j.jcis.2018.11.017,FeCo,1,0,18.14,1.22,14,40,377,30
10.1016/j.jcis.2018.11.017,FeCo,1,0,18.14,1.22,14,20,327,30
10.1016/j.jcis.2018.11.017,FeCo,1,0,18.14,1.22,14,10,277,30
10.1016/j.jcis.2018.11.017,FeCo,1,0,18.93,1.22,14,60,313,28
10.1016/j.jcis.2018.11.017,FeCo,1,0,18.93,1.22,14,50,301,28
10.1016/j.jcis.2018.11.017,FeCo,1,0,18.93,1.22,14,40,286,28
10.1016/j.jcis.2018.11.017,FeCo,1,0,18.93,1.22,14,20,243,28
10.1016/j.jcis.2018.11.017,FeCo,1,0,18.93,1.22,14,10,203,28
10.1016/j.jcis.2018.11.017,FeCo,1,0,19.15,1.22,14,60,338,20
10.1016/j.jcis.2018.11.017,FeCo,1,0,19.15,1.22,14,50,326,20
10.1016/j.jcis.2018.11.017,FeCo,1,0,19.15,1.22,14,40,313,20
10.1016/j.jcis.2018.11.017,FeCo,1,0,19.15,1.22,14,20,268,20
10.1016/j.jcis.2018.11.017,FeCo,1,0,19.15,1.22,14,10,232,20
10.1016/j.jcis.2018.11.017,Co,0,0,18.52,1.22,14,60,363,35
10.1016/j.jcis.2018.11.017,Co,0,0,18.52,1.22,14,50,350,35
10.1016/j.jcis.2018.11.017,Co,0,0,18.52,1.22,14,40,337,35
10.1016/j.jcis.2018.11.017,Co,0,0,18.52,1.22,14,20,296,35
10.1016/j.jcis.2018.11.017,Co,0,0,18.52,1.22,14,10,259,35
10.1016/j.jcis.2018.11.017,Fe,0,0,18.08,1.22,14,60,430,25
10.1016/j.jcis.2018.11.017,Fe,0,0,18.08,1.22,14,50,414,25
10.1016/j.jcis.2018.11.017,Fe,0,0,18.08,1.22,14,40,396,25
10.1016/j.jcis.2018.11.017,Fe,0,0,18.08,1.22,14,20,343,25
10.1016/j.jcis.2018.11.017,Fe,0,0,18.08,1.22,14,10,296,25
10.1016/j.jcis.2018.06.096,Pt,0,1,7.2,2.29,0.3,10,91,3.76
10.1016/j.jcis.2018.06.096,Pt,0,1,7.2,2.29,0.3,20,133,3.76
10.1016/j.jcis.2018.06.096,Pt,0,1,7.2,2.29,0.3,40,207,3.76
10.1016/j.jcis.2018.06.096,Pt,0,1,7.2,2.29,0.3,50,243,3.76
10.1016/j.jcis.2018.06.096,Pt,0,1,7.2,3.53,0.3,10,8,3.76
10.1016/j.jcis.2018.06.096,Pt,0,1,7.2,3.53,0.3,20,18.2,3.76
10.1016/j.jcis.2018.06.096,Pt,0,1,7.2,3.53,0.3,40,36.5,3.76
10.1016/j.jcis.2018.06.096,Pt,0,1,7.2,3.53,0.3,50,44.6,3.76
10.1016/j.jcis.2018.06.096,Pt,0,1,7.2,3.53,0.3,60,50,3.76
10.1016/j.jcis.2018.06.096,Pt,0,1,7.2,3.53,0.3,100,81,3.76
10.1016/j.jcis.2018.06.096,Pt,0,1,7.2,3.53,14,10,41,3.76
10.1016/j.jcis.2018.06.096,Pt,0,1,7.2,3.53,14,20,53.5,3.76
10.1016/j.jcis.2018.06.096,Pt,0,1,7.2,3.53,14,40,70.3,3.76
10.1016/j.jcis.2018.06.096,Pt,0,1,7.2,3.53,14,50,78.7,3.76
10.1016/j.jcis.2018.06.096,Pt,0,1,7.2,3.53,7.4,10,65,3.76
10.1016/j.jcis.2018.06.096,Pt,0,1,7.2,3.53,7.4,20,79.3,3.76
10.1016/j.jcis.2018.06.096,Pt,0,1,7.2,3.53,7.4,40,102,3.76
10.1016/j.jcis.2018.06.096,Pt,0,1,7.2,3.53,7.4,50,112,3.76
10.1016/j.jcat.2018.11.006,Pt,0,1,2.3,0,0.3,10,33.2,2.1
10.1016/j.jcat.2018.11.006,Pt,0,1,2.3,0,0.3,20,43.5,2.1
10.1016/j.jcat.2018.11.006,Pt,0,1,2.3,0,0.3,40,56.3,2.1
10.1016/j.jcat.2018.11.006,Pt,0,1,2.3,0,0.3,50,61.2,2.1
10.1016/j.jcat.2018.11.006,Pt,0,1,2.3,0,0.3,60,64.8,2.1
10.1016/j.jcat.2018.11.006,Pt,0,1,2.3,0,0.3,100,78,2.1
10.1016/j.jcat.2017.08.005,Pt,0,1,10,0,0.3,10,31.7,3.5
10.1016/j.jcat.2017.08.005,Pt,0,1,10,0,0.3,20,44.9,3.5
10.1016/j.jcat.2017.08.005,Pt,0,1,10,0,0.3,40,68.6,3.5
10.1016/j.jcat.2017.08.005,Pt,0,1,10,0,0.3,50,78.2,3.5
10.1016/j.jcat.2017.08.005,Pt,0,1,10,0,0.3,60,88.5,3.5
10.1016/j.jcat.2017.08.005,Pt,0,1,2.7,0,0.3,10,37.1,2.1
10.1016/j.jallcom.2020.153784,CoNi,1,0,91.4,0,14,200,305,20
10.1016/j.jallcom.2020.153784,CoNi,1,0,91.4,0,14,150,285,20
10.1016/j.jallcom.2020.153784,CoNi,1,0,91.4,0,14,100,259,20
10.1016/j.jallcom.2020.153784,CoNi,1,0,91.4,0,14,80,244,20
10.1016/j.jallcom.2020.153784,CoNi,1,0,91.4,0,14,60,224,20
10.1016/j.jallcom.2020.153784,CoNi,1,0,91.4,0,14,50,212,20
10.1016/j.jallcom.2020.153784,CoNi,1,0,91.4,0,14,40,196,20
10.1016/j.jallcom.2020.153784,CoNi,1,0,91.4,0,14,20,149,20
10.1016/j.jallcom.2020.153784,CoNi,1,0,91.4,0,14,10,104,20
10.1016/j.jallcom.2020.153784,Co,0,0,86.8,0,14,200,423,20
10.1016/j.jallcom.2020.153784,Co,0,0,86.8,0,14,150,414,20
10.1016/j.jallcom.2020.153784,Co,0,0,86.8,0,14,100,398,20
10.1016/j.jallcom.2020.153784,Co,0,0,86.8,0,14,80,387,20
10.1016/j.jallcom.2020.153784,Co,0,0,86.8,0,14,60,372,20
10.1016/j.jallcom.2020.153784,Co,0,0,86.8,0,14,50,361,20
10.1016/j.jallcom.2020.153784,Co,0,0,86.8,0,14,40,347,20
10.1016/j.jallcom.2020.153784,Co,0,0,86.8,0,14,20,292,20
10.1016/j.jallcom.2020.153784,Co,0,0,86.8,0,14,10,206,20
10.1016/j.jallcom.2020.153784,Ni,0,0,85,0,14,200,315,20
10.1016/j.jallcom.2020.153784,Ni,0,0,85,0,14,150,291,20
10.1016/j.jallcom.2020.153784,Ni,0,0,85,0,14,100,257,20
10.1016/j.jallcom.2020.153784,Ni,0,0,85,0,14,80,243,20
10.1016/j.jallcom.2020.153784,Ni,0,0,85,0,14,60,224,20
10.1016/j.jallcom.2020.153784,Ni,0,0,85,0,14,50,211,20
10.1016/j.jallcom.2020.153784,Ni,0,0,85,0,14,40,195,20
10.1016/j.jallcom.2020.153784,Ni,0,0,85,0,14,20,147,20
10.1016/j.jallcom.2020.153784,Ni,0,0,85,0,14,10,110,20
10.1016/j.jallcom.2019.03.330,CoNi,1,0,63.33,10.06,14,200,242,30
10.1016/j.jallcom.2019.03.330,CoNi,1,0,63.33,10.06,14,150,220,30
10.1016/j.jallcom.2019.03.330,CoNi,1,0,63.33,10.06,14,100,195,30
10.1016/j.jallcom.2019.03.330,CoNi,1,0,63.33,10.06,14,80,183,30
10.1016/j.jallcom.2019.03.330,CoNi,1,0,63.33,10.06,14,60,169,30
10.1016/j.jallcom.2019.03.330,CoNi,1,0,63.33,10.06,14,50,161,30
10.1016/j.jallcom.2019.03.330,CoNi,1,0,63.33,10.06,14,40,152,30
10.1016/j.jallcom.2019.03.330,CoNi,1,0,63.33,10.06,14,20,126,30
10.1016/j.jallcom.2019.03.330,CoNi,1,0,63.33,10.06,14,10,100,30
10.1016/j.ijhydene.2021.06.193,SnPtCo,1,1,10,0,14,100,231,15
10.1016/j.ijhydene.2021.06.193,SnPtCo,1,1,10,0,14,80,193,15
10.1016/j.ijhydene.2021.06.193,SnPtCo,1,1,10,0,14,60,150,15
10.1016/j.ijhydene.2021.06.193,SnPtCo,1,1,10,0,14,50,130,15
10.1016/j.ijhydene.2021.06.193,SnPtCo,1,1,10,0,14,40,108,15
10.1016/j.ijhydene.2021.06.193,SnPtCo,1,1,10,0,14,20,65,15
10.1016/j.ijhydene.2021.06.193,SnPtCo,1,1,10,0,14,10,39,15
10.1016/j.ijhydene.2021.06.193,SnCo,1,0,10,0,14,100,262,5
10.1016/j.ijhydene.2021.06.193,SnCo,1,0,10,0,14,80,225,5
10.1016/j.ijhydene.2021.06.193,SnCo,1,0,10,0,14,60,186,5
10.1016/j.ijhydene.2021.06.193,SnCo,1,0,10,0,14,50,165,5
10.1016/j.ijhydene.2021.06.193,SnCo,1,0,10,0,14,40,145,5
10.1016/j.ijhydene.2021.06.193,SnCo,1,0,10,0,14,20,100,5
10.1016/j.ijhydene.2021.06.193,SnCo,1,0,10,0,14,10,74,5
10.1016/j.ijhydene.2021.06.193,Co,0,0,10,0,14,100,308,4
10.1016/j.ijhydene.2021.06.193,Co,0,0,10,0,14,80,272,4
10.1016/j.ijhydene.2021.06.193,Co,0,0,10,0,14,60,230,4
10.1016/j.ijhydene.2021.06.193,Co,0,0,10,0,14,50,209,4
10.1016/j.ijhydene.2021.06.193,Co,0,0,10,0,14,40,188,4
10.1016/j.ijhydene.2021.06.193,Co,0,0,10,0,14,20,142,4
10.1016/j.ijhydene.2021.06.193,Co,0,0,10,0,14,10,114,4
10.1016/j.ijhydene.2019.10.036,Pt,0,1,5.8,0,0.3,10,39.5,4.3
10.1016/j.ijhydene.2019.10.036,Pt,0,1,5.8,0,0.3,20,49.3,4.3
10.1016/j.ijhydene.2019.10.036,Pt,0,1,5.8,0,0.3,40,64.5,4.3
10.1016/j.ijhydene.2019.10.036,Pt,0,1,5.8,0,0.3,50,70.4,4.3
10.1016/j.ijhydene.2019.10.036,Pt,0,1,5.8,0,0.3,60,76.3,4.3
10.1016/j.ijhydene.2019.10.036,Pt,0,1,5.8,0,0.3,100,96.9,4.3
10.1016/j.ijhydene.2019.10.036,Pt,0,1,5.7,6,0.3,10,22,4.3
10.1016/j.ijhydene.2019.10.036,Pt,0,1,5.7,6,0.3,20,25.4,4.3
10.1016/j.ijhydene.2019.10.036,Pt,0,1,5.7,6,0.3,40,31.3,4.3
10.1016/j.ijhydene.2019.10.036,Pt,0,1,5.7,6,0.3,50,33.8,4.3
10.1016/j.ijhydene.2019.10.036,Pt,0,1,5.7,6,0.3,60,36.3,4.3
10.1016/j.ijhydene.2019.10.036,Pt,0,1,5.7,6,0.3,100,45.2,4.3
10.1016/j.ijhydene.2017.11.048,AuNi,1,0,51.4,0,0.3,20,63,17.2
10.1016/j.ijhydene.2017.11.048,AuNi,1,0,51.4,0,0.3,10,50,17.2
10.1016/j.ijhydene.2017.11.048,AuNi,1,0,61.2,0,0.3,20,55,16
10.1016/j.ijhydene.2017.11.048,AuNi,1,0,61.2,0,0.3,10,40,16
10.1016/j.ijhydene.2017.11.048,AuNi,1,0,27.1,0,0.3,20,82,14.5
10.1016/j.ijhydene.2017.11.048,AuNi,1,0,27.1,0,0.3,10,70,14.5
10.1016/j.ijhydene.2017.11.048,Au,0,0,11.4,0,0.3,20,286,13
10.1016/j.ijhydene.2017.11.048,Au,0,0,11.4,0,0.3,10,220,13
10.1016/j.ijhydene.2017.11.048,Ni,0,0,7.1,0,0.3,20,189,6.6
10.1016/j.ijhydene.2017.11.048,Ni,0,0,7.1,0,0.3,10,158,6.6
10.1016/j.electacta.2021.138785,NiFe,1,0,12.5,8.1,14,40,361,15
10.1016/j.electacta.2021.138785,NiFe,1,0,12.5,8.1,14,100,314,15
10.1016/j.electacta.2021.138785,NiFe,1,0,12.5,8.1,14,80,301,15
10.1016/j.electacta.2021.138785,NiFe,1,0,12.5,8.1,14,60,283,15
10.1016/j.electacta.2021.138785,NiFe,1,0,12.5,8.1,14,50,273,15
10.1016/j.electacta.2021.138785,NiFe,1,0,12.5,8.1,14,20,228,15
10.1016/j.electacta.2021.138785,NiFe,1,0,12.5,8.1,14,10,198,15
10.1016/j.electacta.2020.135855,PtPd,1,1,4.24,0.89,14,20,102,2.75
10.1016/j.electacta.2020.135855,PtPd,1,1,4.24,0.89,14,10,67,2.75
10.1016/j.electacta.2019.134895,NiPt,1,1,27.91,15.94,0.3,50,101,20
10.1016/j.electacta.2019.134895,NiPt,1,1,27.91,15.94,0.3,40,95,20
10.1016/j.electacta.2019.134895,NiPt,1,1,27.91,15.94,0.3,20,76.32,20
10.1016/j.electacta.2019.134895,NiPt,1,1,27.91,15.94,13,50,67,20
10.1016/j.electacta.2019.134895,NiPt,1,1,27.91,15.94,0.3,10,63,20
10.1016/j.electacta.2019.134895,NiPt,1,1,27.91,15.94,13,40,52,20
10.1016/j.electacta.2019.134895,NiPt,1,1,27.91,15.94,13,20,33.8,20
10.1016/j.electacta.2019.134895,NiPt,1,1,27.91,15.94,13,10,27,20
10.1016/j.electacta.2019.134895,PtNi,1,1,27.91,13.4,13,10,26.7,19
10.1016/j.electacta.2019.134895,PtNi,1,1,27.91,13.4,13,20,34,19
10.1016/j.electacta.2019.134895,PtNi,1,1,27.91,13.4,13,40,53.5,19
10.1016/j.electacta.2019.134895,PtNi,1,1,27.91,13.4,13,50,67.3,19
10.1016/j.electacta.2019.134895,PtNi,1,1,27.91,13.4,0.3,10,65,19
10.1016/j.electacta.2019.134895,PtNi,1,1,27.91,13.4,0.3,20,76.9,19
10.1016/j.electacta.2019.134895,PtNi,1,1,27.91,13.4,0.3,40,93.3,19
10.1016/j.electacta.2019.134895,PtNi,1,1,27.91,13.4,0.3,50,102,19
10.1016/j.electacta.2019.134895,Ni,0,0,55.61,2.15,0.3,50,862,20
10.1016/j.electacta.2019.134895,Ni,0,0,55.61,2.15,0.3,40,812,20
10.1016/j.electacta.2019.134895,Ni,0,0,55.61,2.15,0.3,20,709.8,20
10.1016/j.electacta.2019.134895,Ni,0,0,55.61,2.15,0.3,10,589,20
10.1016/j.electacta.2019.134895,Ni,0,0,55.61,2.15,13,50,479,20
10.1016/j.electacta.2019.134895,Ni,0,0,55.61,2.15,13,40,422,20
10.1016/j.electacta.2019.134895,Ni,0,0,55.61,2.15,13,20,327,20
10.1016/j.electacta.2019.134895,Ni,0,0,55.61,2.15,13,10,260,20
10.1016/j.electacta.2019.06.116,Pt,0,1,1.26,0,14,10,42,4.2
10.1016/j.electacta.2019.06.116,Pt,0,1,1.26,0,14,20,61,4.2
10.1016/j.electacta.2019.06.116,Pt,0,1,1.26,0,14,40,86,4.2
10.1016/j.electacta.2019.06.116,Pt,0,1,1.26,0,14,50,97,4.2
10.1016/j.electacta.2019.06.116,Pt,0,1,1.26,0,14,60,105,4.2
10.1016/j.electacta.2019.06.116,Pt,0,1,1.26,0,14,100,137,4.2
10.1016/j.electacta.2019.06.116,Pt,0,1,2.17,0,14,10,65,4
10.1016/j.electacta.2019.06.116,Pt,0,1,2.17,0,14,20,95,4
10.1016/j.electacta.2019.06.116,Pt,0,1,2.17,0,14,40,137,4
10.1016/j.electacta.2019.06.116,Pt,0,1,2.17,0,14,50,156,4
10.1016/j.electacta.2019.06.116,Pt,0,1,2.17,0,14,60,170,4
10.1016/j.electacta.2019.06.116,Pt,0,1,2.17,0,14,100,217,4
10.1016/j.electacta.2019.03.179,IrCo,1,0,45.2,3.58,0.3,100,66,30
10.1016/j.electacta.2019.03.179,IrCo,1,0,45.2,3.58,0.3,80,49,30
10.1016/j.electacta.2019.03.179,IrCo,1,0,45.2,3.58,0.3,60,41,30
10.1016/j.electacta.2019.03.179,IrCo,1,0,45.2,3.58,0.3,50,36,30
10.1016/j.electacta.2019.03.179,IrCo,1,0,45.2,3.58,0.3,40,33,30
10.1016/j.electacta.2019.03.179,IrCo,1,0,45.2,3.58,0.3,20,27.5,30
10.1016/j.electacta.2019.03.179,IrCo,1,0,45.2,3.58,0.3,10,24,30
10.1016/j.cej.2021.131085,PtRu,1,1,27,32.34,13,50,124,1.9
10.1016/j.cej.2021.131085,PtRu,1,1,27,32.34,13,40,111,1.9
10.1016/j.cej.2021.131085,PtRu,1,1,27,32.34,0.3,20,82,1.9
10.1016/j.cej.2021.131085,PtRu,1,1,27,32.34,13,20,81,1.9
10.1016/j.cej.2021.131085,PtRu,1,1,27,32.34,13,10,61,1.9
10.1016/j.cej.2021.131085,PtRu,1,1,27,32.34,0.3,10,53,1.9
10.1016/j.cej.2021.130749,CuPt,1,1,4.42,2.9,13,10,46,5
10.1016/j.cej.2021.130749,CuPt,1,1,3.5,2.08,13,10,224,5
10.1016/j.cej.2021.130749,Pt,0,1,3.24,1.23,13,10,80,5
10.1016/j.cej.2021.129319,RuNi,1,0,2.17,0,14,80,248,2.5
10.1016/j.cej.2021.129319,RuNi,1,0,2.17,0,14,60,212,2.5
10.1016/j.cej.2021.129319,RuNi,1,0,2.17,0,14,50,193,2.5
10.1016/j.cej.2021.129319,RuNi,1,0,2.17,0,0.3,80,175,2.5
10.1016/j.cej.2021.129319,RuNi,1,0,2.17,0,14,40,171,2.5
10.1016/j.cej.2021.129319,RuNi,1,0,2.17,0,0.3,60,144,2.5
10.1016/j.cej.2021.129319,RuNi,1,0,2.17,0,0.3,50,125,2.5
10.1016/j.cej.2021.129319,RuNi,1,0,2.17,0,14,20,123,2.5
10.1016/j.cej.2021.129319,RuNi,1,0,2.17,0,0.3,40,105,2.5
10.1016/j.cej.2021.129319,RuNi,1,0,2.17,0,14,10,93,2.5
10.1016/j.cej.2021.129319,RuNi,1,0,2.17,0,0.3,20,61,2.5
10.1016/j.cej.2021.129319,RuNi,1,0,2.17,0,0.3,10,34,2.5
10.1016/j.cej.2020.128205,PtEr,1,1,8.28,0,14,100,92.7,5
10.1016/j.cej.2020.128205,PtEr,1,1,8.28,0,14,10,16,5
10.1016/j.cej.2020.128205,PtEr,1,1,7.49,4.69,14,100,50,5
10.1016/j.cej.2020.128205,PtEr,1,1,7.49,4.69,14,10,7,5
10.1016/j.cej.2020.128047,CoRu,1,0,6.84,0,7.4,40,200,3.5
10.1016/j.cej.2020.128047,CoRu,1,0,6.84,0,0.3,100,170,3.5
10.1016/j.cej.2020.128047,CoRu,1,0,6.84,0,0.3,80,161,3.5
10.1016/j.cej.2020.128047,CoRu,1,0,6.84,0,7.4,20,150,3.5
10.1016/j.cej.2020.128047,CoRu,1,0,6.84,0,0.3,60,148,3.5
10.1016/j.cej.2020.128047,CoRu,1,0,6.84,0,0.3,50,141,3.5
10.1016/j.cej.2020.128047,CoRu,1,0,6.84,0,0.3,40,133,3.5
10.1016/j.cej.2020.128047,CoRu,1,0,6.84,0,14,100,128,3.5
10.1016/j.cej.2020.128047,CoRu,1,0,6.84,0,14,80,116,3.5
10.1016/j.cej.2020.128047,CoRu,1,0,6.84,0,0.3,20,108,3.5
10.1016/j.cej.2020.128047,CoRu,1,0,6.84,0,7.4,10,101,3.5
10.1016/j.cej.2020.128047,CoRu,1,0,6.84,0,14,60,100,3.5
10.1016/j.cej.2020.128047,CoRu,1,0,6.84,0,14,50,90,3.5
10.1016/j.cej.2020.128047,CoRu,1,0,6.84,0,0.3,10,85,3.5
10.1016/j.cej.2020.128047,CoRu,1,0,6.84,0,14,40,79,3.5
10.1016/j.cej.2020.128047,CoRu,1,0,6.84,0,14,20,48,3.5
10.1016/j.cej.2020.128047,CoRu,1,0,6.84,0,14,10,23,3.5
10.1016/j.cej.2020.128047,CoRu,1,0,4.43,0,0.3,100,116,3.5
10.1016/j.cej.2020.128047,CoRu,1,0,4.43,0,0.3,80,109,3.5
10.1016/j.cej.2020.128047,CoRu,1,0,4.43,0,14,100,101,3.5
10.1016/j.cej.2020.128047,CoRu,1,0,4.43,0,0.3,60,100,3.5
10.1016/j.cej.2020.128047,CoRu,1,0,4.43,0,0.3,50,94,3.5
10.1016/j.cej.2020.128047,CoRu,1,0,4.43,0,14,80,91,3.5
10.1016/j.cej.2020.128047,CoRu,1,0,4.43,0,0.3,40,87,3.5
10.1016/j.cej.2020.128047,CoRu,1,0,4.43,0,7.4,40,86,3.5
10.1016/j.cej.2020.128047,CoRu,1,0,4.43,0,14,60,76,3.5
10.1016/j.cej.2020.128047,CoRu,1,0,4.43,0,14,50,69,3.5
10.1016/j.cej.2020.128047,CoRu,1,0,4.43,0,0.3,20,67,3.5
10.1016/j.cej.2020.128047,CoRu,1,0,4.43,0,14,40,59,3.5
10.1016/j.cej.2020.128047,CoRu,1,0,4.43,0,7.4,20,57,3.5
10.1016/j.cej.2020.128047,CoRu,1,0,4.43,0,0.3,10,44,3.5
10.1016/j.cej.2020.128047,CoRu,1,0,4.43,0,7.4,10,39,3.5
10.1016/j.cej.2020.128047,CoRu,1,0,4.43,0,14,20,34,3.5
10.1016/j.cej.2020.128047,CoRu,1,0,4.43,0,14,10,14,3.5
10.1016/j.cej.2020.128047,CoRu,1,0,2.05,0,0.3,80,176,3.5
10.1016/j.cej.2020.128047,CoRu,1,0,2.05,0,7.4,60,174,3.5
10.1016/j.cej.2020.128047,CoRu,1,0,2.05,0,0.3,60,164,3.5
10.1016/j.cej.2020.128047,CoRu,1,0,2.05,0,7.4,50,162,3.5
10.1016/j.cej.2020.128047,CoRu,1,0,2.05,0,0.3,50,157,3.5
10.1016/j.cej.2020.128047,CoRu,1,0,2.05,0,14,100,152,3.5
10.1016/j.cej.2020.128047,CoRu,1,0,2.05,0,7.4,40,148,3.5
10.1016/j.cej.2020.128047,CoRu,1,0,2.05,0,0.3,40,148,3.5
10.1016/j.cej.2020.128047,CoRu,1,0,2.05,0,14,80,138,3.5
10.1016/j.cej.2020.128047,CoRu,1,0,2.05,0,14,60,124,3.5
10.1016/j.cej.2020.128047,CoRu,1,0,2.05,0,0.3,20,120,3.5
10.1016/j.cej.2020.128047,CoRu,1,0,2.05,0,14,50,114,3.5
10.1016/j.cej.2020.128047,CoRu,1,0,2.05,0,7.4,20,107,3.5
10.1016/j.cej.2020.128047,CoRu,1,0,2.05,0,14,40,104,3.5
10.1016/j.cej.2020.128047,CoRu,1,0,2.05,0,0.3,10,93,3.5
10.1016/j.cej.2020.128047,CoRu,1,0,2.05,0,14,20,71,3.5
10.1016/j.cej.2020.128047,CoRu,1,0,2.05,0,7.4,10,68,3.5
10.1016/j.cej.2020.128047,CoRu,1,0,2.05,0,14,10,43,3.5
10.1016/j.cej.2020.128047,Ru,0,0,1.01,0,7.4,20,185,3
10.1016/j.cej.2020.128047,Ru,0,0,1.01,0,0.3,100,141,3
10.1016/j.cej.2020.128047,Ru,0,0,1.01,0,0.3,80,133,3
10.1016/j.cej.2020.128047,Ru,0,0,1.01,0,7.4,10,129,3
10.1016/j.cej.2020.128047,Ru,0,0,1.01,0,14,100,125,3
10.1016/j.cej.2020.128047,Ru,0,0,1.01,0,0.3,60,122,3
10.1016/j.cej.2020.128047,Ru,0,0,1.01,0,0.3,50,115,3
10.1016/j.cej.2020.128047,Ru,0,0,1.01,0,14,80,111,3
10.1016/j.cej.2020.128047,Ru,0,0,1.01,0,0.3,40,107,3
10.1016/j.cej.2020.128047,Ru,0,0,1.01,0,14,60,95,3
10.1016/j.cej.2020.128047,Ru,0,0,1.01,0,14,50,86,3
10.1016/j.cej.2020.128047,Ru,0,0,1.01,0,0.3,20,85,3
10.1016/j.cej.2020.128047,Ru,0,0,1.01,0,14,40,74,3
10.1016/j.cej.2020.128047,Ru,0,0,1.01,0,0.3,10,65,3
10.1016/j.cej.2020.128047,Ru,0,0,1.01,0,14,20,45,3
10.1016/j.cej.2020.128047,Ru,0,0,1.01,0,14,10,22,3
10.1016/j.cattod.2019.04.043,CuPd,1,0,7.5,0,0.3,10,145,5.2
10.1016/j.cattod.2019.04.043,Pd,0,0,5.6,0,0.3,10,63,5.2
10.1016/j.carbon.2020.08.047,NiCo,1,0,4.19,1.6,14,60,735,12.5
10.1016/j.carbon.2020.08.047,NiCo,1,0,4.19,1.6,14,50,671,12.5
10.1016/j.carbon.2020.08.047,NiCo,1,0,4.19,1.6,14,40,598,12.5
10.1016/j.carbon.2020.08.047,NiCo,1,0,4.19,1.6,14,20,445,12.5
10.1016/j.carbon.2020.08.047,NiCo,1,0,4.19,1.6,14,10,355,12.5
10.1016/j.carbon.2020.08.047,NiCoS,0,0,12.03,4.39,14,60,406,12.5
10.1016/j.carbon.2020.08.047,NiCoS,0,0,12.03,4.39,14,50,372,12.5
10.1016/j.carbon.2020.08.047,NiCoS,0,0,12.03,4.39,14,40,338,12.5
10.1016/j.carbon.2020.08.047,NiCoS,0,0,12.03,4.39,14,20,262,12.5
10.1016/j.carbon.2020.08.047,NiCoS,0,0,12.03,4.39,14,10,198,12.5
10.1016/j.carbon.2017.01.085,NiFe,1,0,48.02,5.62,0.3,20,295,40
10.1016/j.carbon.2017.01.085,NiFe,1,0,48.02,5.62,0.3,10,248,40
10.1016/j.carbon.2016.12.004,PtPd,1,1,17.66,8.7,0.3,20,167,10
10.1016/j.carbon.2016.12.004,PtPd,1,1,16.63,10.7,0.3,20,75,10
10.1016/j.carbon.2016.12.004,PtPd,1,1,16.63,10.7,0.3,10,58,10
10.1016/j.carbon.2016.12.004,PtPd,1,1,12.15,9.7,0.3,20,89,10
10.1016/j.carbon.2016.12.004,PtPd,1,1,12.15,9.7,0.3,10,74,10
10.1016/j.carbon.2016.12.004,PtPd,1,1,11.54,10.8,0.3,20,116,10
10.1016/j.carbon.2016.12.004,PtPd,1,1,11.54,10.8,0.3,10,85,10
10.1016/j.apsusc.2020.147786,CoNi,1,0,9.92,7.86,13,50,230,10
10.1016/j.apsusc.2020.147786,CoNi,1,0,9.92,7.86,13,40,210,10
10.1016/j.apsusc.2020.147786,CoNi,1,0,9.92,7.86,13,20,169,10
10.1016/j.apsusc.2020.147786,CoNi,1,0,9.92,7.86,13,10,130,10
10.1016/j.apsusc.2020.147786,CoNi,1,0,7.16,8.62,13,50,364,10
10.1016/j.apsusc.2020.147786,CoNi,1,0,7.16,8.62,13,40,360,10
10.1016/j.apsusc.2020.147786,CoNi,1,0,7.16,8.62,13,20,340,10
10.1016/j.apsusc.2020.147786,CoNi,1,0,7.16,8.62,13,10,313,10
10.1016/j.apsusc.2020.147786,CoNi,1,0,4.79,6.97,13,20,440,10
10.1016/j.apsusc.2020.147786,CoNi,1,0,4.79,6.97,13,10,394,10
10.1016/j.apcatb.2021.120512,CoFe,1,0,31.48,4.34,14.5,100,391,29.6
10.1016/j.apcatb.2021.120512,CoFe,1,0,31.48,4.34,14.5,80,358,29.6
10.1016/j.apcatb.2021.120512,CoFe,1,0,31.48,4.34,14.5,60,323,29.6
10.1016/j.apcatb.2021.120512,CoFe,1,0,31.48,4.34,14.5,50,303,29.6
10.1016/j.apcatb.2021.120512,CoFe,1,0,31.48,4.34,14.5,40,283,29.6
10.1016/j.apcatb.2021.120512,CoFe,1,0,31.48,4.34,14.5,20,230,29.6
10.1016/j.apcatb.2021.120512,CoFe,1,0,31.48,4.34,14.5,10,186,29.6
10.1016/j.apcatb.2021.120512,CoFe,1,0,25.15,9.88,14.3,100,341,23.3
10.1016/j.apcatb.2021.120512,CoFe,1,0,25.15,9.88,14.3,80,307,23.3
10.1016/j.apcatb.2021.120512,CoFe,1,0,25.15,9.88,14.3,60,269,23.3
10.1016/j.apcatb.2021.120512,CoFe,1,0,25.15,9.88,14.3,50,248,23.3
10.1016/j.apcatb.2021.120512,CoFe,1,0,25.15,9.88,14.3,40,225,23.3
10.1016/j.apcatb.2021.120512,CoFe,1,0,25.15,9.88,14.3,20,166,23.3
10.1016/j.apcatb.2021.120512,CoFe,1,0,25.15,9.88,14.3,10,120,23.3
10.1016/j.apcatb.2021.120512,CoFe,1,0,23.58,10.93,14,100,358,13.8
10.1016/j.apcatb.2021.120512,CoFe,1,0,23.58,10.93,14,80,325,13.8
10.1016/j.apcatb.2021.120512,CoFe,1,0,23.58,10.93,14,60,292,13.8
10.1016/j.apcatb.2021.120512,CoFe,1,0,23.58,10.93,14,50,271,13.8
10.1016/j.apcatb.2021.120512,CoFe,1,0,23.58,10.93,14,40,249,13.8
10.1016/j.apcatb.2021.120512,CoFe,1,0,23.58,10.93,14,20,193,13.8
10.1016/j.apcatb.2021.120512,CoFe,1,0,23.58,10.93,14,10,147,13.8
10.1016/j.apcatb.2018.11.083,NiCoP,0,0,63.27,1.63,7.4,60,632,4.8
10.1016/j.apcatb.2018.11.083,NiCoP,0,0,63.27,1.63,7.4,50,586,4.8
10.1016/j.apcatb.2018.11.083,NiCoP,0,0,63.27,1.63,7.4,40,535,4.8
10.1016/j.apcatb.2018.11.083,NiCoP,0,0,63.27,1.63,0.3,60,405,4.8
10.1016/j.apcatb.2018.11.083,NiCoP,0,0,63.27,1.63,7.4,20,405,4.8
10.1016/j.apcatb.2018.11.083,NiCoP,0,0,63.27,1.63,0.3,50,385,4.8
10.1016/j.apcatb.2018.11.083,NiCoP,0,0,63.27,1.63,0.3,40,365,4.8
10.1016/j.apcatb.2018.11.083,NiCoP,0,0,63.27,1.63,14,20,330,4.8
10.1016/j.apcatb.2018.11.083,NiCoP,0,0,63.27,1.63,7.4,10,326,4.8
10.1016/j.apcatb.2018.11.083,NiCoP,0,0,63.27,1.63,0.3,20,319,4.8
10.1016/j.apcatb.2018.11.083,NiCoP,0,0,63.27,1.63,14,10,289,4.8
10.1016/j.apcatb.2018.11.083,NiCoP,0,0,63.27,1.63,0.3,10,284,4.8
10.1016/j.apcatb.2018.11.083,NiCoP,0,0,62.09,0.87,7.4,60,545,4.8
10.1016/j.apcatb.2018.11.083,NiCoP,0,0,62.09,0.87,7.4,50,502,4.8
10.1016/j.apcatb.2018.11.083,NiCoP,0,0,62.09,0.87,7.4,40,453,4.8
10.1016/j.apcatb.2018.11.083,NiCoP,0,0,62.09,0.87,14,60,358,4.8
10.1016/j.apcatb.2018.11.083,NiCoP,0,0,62.09,0.87,0.3,60,354,4.8
10.1016/j.apcatb.2018.11.083,NiCoP,0,0,62.09,0.87,14,50,337,4.8
10.1016/j.apcatb.2018.11.083,NiCoP,0,0,62.09,0.87,0.3,50,327,4.8
10.1016/j.apcatb.2018.11.083,NiCoP,0,0,62.09,0.87,7.4,20,327,4.8
10.1016/j.apcatb.2018.11.083,NiCoP,0,0,62.09,0.87,14,40,312,4.8
10.1016/j.apcatb.2018.11.083,NiCoP,0,0,62.09,0.87,0.3,40,302,4.8
10.1016/j.apcatb.2018.11.083,NiCoP,0,0,62.09,0.87,14,20,255,4.8
10.1016/j.apcatb.2018.11.083,NiCoP,0,0,62.09,0.87,7.4,10,241,4.8
10.1016/j.apcatb.2018.11.083,NiCoP,0,0,62.09,0.87,0.3,20,239,4.8
10.1016/j.apcatb.2018.11.083,NiCoP,0,0,62.09,0.87,14,10,206,4.8
10.1016/j.apcatb.2018.11.083,NiCoP,0,0,62.09,0.87,0.3,10,200,4.8
10.1016/j.apcatb.2018.11.083,NiCoP,0,0,61.52,2.53,7.4,60,418,4.8
10.1016/j.apcatb.2018.11.083,NiCoP,0,0,61.52,2.53,7.4,50,374,4.8
10.1016/j.apcatb.2018.11.083,NiCoP,0,0,61.52,2.53,7.4,40,328,4.8
10.1016/j.apcatb.2018.11.083,NiCoP,0,0,61.52,2.53,14,60,276,4.8
10.1016/j.apcatb.2018.11.083,NiCoP,0,0,61.52,2.53,0.3,60,267,4.8
10.1016/j.apcatb.2018.11.083,NiCoP,0,0,61.52,2.53,14,50,264,4.8
10.1016/j.apcatb.2018.11.083,NiCoP,0,0,61.52,2.53,14,40,253,4.8
10.1016/j.apcatb.2018.11.083,NiCoP,0,0,61.52,2.53,0.3,50,251,4.8
10.1016/j.apcatb.2018.11.083,NiCoP,0,0,61.52,2.53,0.3,40,234,4.8
10.1016/j.apcatb.2018.11.083,NiCoP,0,0,61.52,2.53,7.4,20,228,4.8
10.1016/j.apcatb.2018.11.083,NiCoP,0,0,61.52,2.53,14,20,220,4.8
10.1016/j.apcatb.2018.11.083,NiCoP,0,0,61.52,2.53,0.3,20,192,4.8
10.1016/j.apcatb.2018.11.083,NiCoP,0,0,61.52,2.53,14,10,190,4.8
10.1016/j.apcatb.2018.11.083,NiCoP,0,0,61.52,2.53,0.3,10,165,4.8
10.1016/j.apcatb.2018.11.083,NiCoP,0,0,61.52,2.53,7.4,10,163,4.8
10.1016/j.apcatb.2018.11.083,NiCoP,0,0,60.2,1.89,7.4,60,261,4.8
10.1016/j.apcatb.2018.11.083,NiCoP,0,0,60.2,1.89,7.4,50,234,4.8
10.1016/j.apcatb.2018.11.083,NiCoP,0,0,60.2,1.89,7.4,40,210,4.8
10.1016/j.apcatb.2018.11.083,NiCoP,0,0,60.2,1.89,14,60,197,4.8
10.1016/j.apcatb.2018.11.083,NiCoP,0,0,60.2,1.89,14,50,192,4.8
10.1016/j.apcatb.2018.11.083,NiCoP,0,0,60.2,1.89,14,40,186,4.8
10.1016/j.apcatb.2018.11.083,NiCoP,0,0,60.2,1.89,14,20,163,4.8
10.1016/j.apcatb.2018.11.083,NiCoP,0,0,60.2,1.89,7.4,20,150,4.8
10.1016/j.apcatb.2018.11.083,NiCoP,0,0,60.2,1.89,0.3,60,147,4.8
10.1016/j.apcatb.2018.11.083,NiCoP,0,0,60.2,1.89,0.3,50,141,4.8
10.1016/j.apcatb.2018.11.083,NiCoP,0,0,60.2,1.89,0.3,40,135,4.8
10.1016/j.apcatb.2018.11.083,NiCoP,0,0,60.2,1.89,14,10,130,4.8
10.1016/j.apcatb.2018.11.083,NiCoP,0,0,60.2,1.89,0.3,20,117,4.8
10.1016/j.apcatb.2018.11.083,NiCoP,0,0,60.2,1.89,7.4,10,110,4.8
10.1016/j.apcatb.2018.11.083,NiCoP,0,0,60.2,1.89,0.3,10,100,4.8
10.1007/s40843-021-1902-2,FeCoP,0,0,19.99,17.36,13,200,319,30
10.1007/s40843-021-1902-2,FeCoP,0,0,19.99,17.36,13,150,294,30
10.1007/s40843-021-1902-2,FeCoP,0,0,19.99,17.36,13,100,265,30
10.1007/s40843-021-1902-2,FeCoP,0,0,19.99,17.36,13,80,249,30
10.1007/s40843-021-1902-2,FeCoP,0,0,19.99,17.36,13,60,232,30
10.1007/s40843-021-1902-2,FeCoP,0,0,19.99,17.36,13,50,222,30
10.1007/s40843-021-1902-2,FeCoP,0,0,19.99,17.36,13,40,214,30
10.1007/s40843-021-1902-2,FeCoP,0,0,19.99,17.36,13,20,183,30
10.1007/s40843-021-1902-2,FeCoP,0,0,19.99,17.36,13,10,157,30
10.1007/s40843-021-1732-1,RuCoMn,1,0,37,2.24,7.4,100,518,10
10.1007/s40843-021-1732-1,RuCoMn,1,0,37,2.24,7.4,80,458,10
10.1007/s40843-021-1732-1,RuCoMn,1,0,37,2.24,7.4,60,377,10
10.1007/s40843-021-1732-1,RuCoMn,1,0,37,2.24,0.3,250,357,10
10.1007/s40843-021-1732-1,RuCoMn,1,0,37,2.24,0.3,200,325,10
10.1007/s40843-021-1732-1,RuCoMn,1,0,37,2.24,7.4,50,322,10
10.1007/s40843-021-1732-1,RuCoMn,1,0,37,2.24,0.3,150,294,10
10.1007/s40843-021-1732-1,RuCoMn,1,0,37,2.24,14,250,290,10
10.1007/s40843-021-1732-1,RuCoMn,1,0,37,2.24,7.4,40,263,10
10.1007/s40843-021-1732-1,RuCoMn,1,0,37,2.24,14,200,254,10
10.1007/s40843-021-1732-1,RuCoMn,1,0,37,2.24,0.3,100,252,10
10.1007/s40843-021-1732-1,RuCoMn,1,0,37,2.24,0.3,80,234,10
10.1007/s40843-021-1732-1,RuCoMn,1,0,37,2.24,14,150,214,10
10.1007/s40843-021-1732-1,RuCoMn,1,0,37,2.24,0.3,60,212,10
10.1007/s40843-021-1732-1,RuCoMn,1,0,37,2.24,0.3,50,200,10
10.1007/s40843-021-1732-1,RuCoMn,1,0,37,2.24,0.3,40,185,10
10.1007/s40843-021-1732-1,RuCoMn,1,0,37,2.24,14,100,168,10
10.1007/s40843-021-1732-1,RuCoMn,1,0,37,2.24,7.4,20,150,10
10.1007/s40843-021-1732-1,RuCoMn,1,0,37,2.24,0.3,20,149,10
10.1007/s40843-021-1732-1,RuCoMn,1,0,37,2.24,14,80,147,10
10.1007/s40843-021-1732-1,RuCoMn,1,0,37,2.24,14,60,123,10
10.1007/s40843-021-1732-1,RuCoMn,1,0,37,2.24,0.3,10,119,10
10.1007/s40843-021-1732-1,RuCoMn,1,0,37,2.24,14,50,112,10
10.1007/s40843-021-1732-1,RuCoMn,1,0,37,2.24,14,40,96,10
10.1007/s40843-021-1732-1,RuCoMn,1,0,37,2.24,7.4,10,90,10
10.1007/s40843-021-1732-1,RuCoMn,1,0,37,2.24,14,20,60,10
10.1007/s40843-021-1732-1,RuCoMn,1,0,37,2.24,14,10,38,10
10.1007/s40843-021-1732-1,RuCo,1,0,27.9,1.66,7.4,40,693,10
10.1007/s40843-021-1732-1,RuCo,1,0,27.9,1.66,7.4,20,458,10
10.1007/s40843-021-1732-1,RuCo,1,0,27.9,1.66,0.3,250,362,10
10.1007/s40843-021-1732-1,RuCo,1,0,27.9,1.66,14,250,338,10
10.1007/s40843-021-1732-1,RuCo,1,0,27.9,1.66,0.3,200,338,10
10.1007/s40843-021-1732-1,RuCo,1,0,27.9,1.66,0.3,150,311,10
10.1007/s40843-021-1732-1,RuCo,1,0,27.9,1.66,14,200,305,10
10.1007/s40843-021-1732-1,RuCo,1,0,27.9,1.66,0.3,100,278,10
10.1007/s40843-021-1732-1,RuCo,1,0,27.9,1.66,14,150,268,10
10.1007/s40843-021-1732-1,RuCo,1,0,27.9,1.66,0.3,80,263,10
10.1007/s40843-021-1732-1,RuCo,1,0,27.9,1.66,7.4,10,254,10
10.1007/s40843-021-1732-1,RuCo,1,0,27.9,1.66,0.3,60,245,10
10.1007/s40843-021-1732-1,RuCo,1,0,27.9,1.66,0.3,50,231,10
10.1007/s40843-021-1732-1,RuCo,1,0,27.9,1.66,14,100,223,10
10.1007/s40843-021-1732-1,RuCo,1,0,27.9,1.66,0.3,40,220,10
10.1007/s40843-021-1732-1,RuCo,1,0,27.9,1.66,14,80,201,10
10.1007/s40843-021-1732-1,RuCo,1,0,27.9,1.66,0.3,20,181,10
10.1007/s40843-021-1732-1,RuCo,1,0,27.9,1.66,14,60,177,10
10.1007/s40843-021-1732-1,RuCo,1,0,27.9,1.66,14,50,160,10
10.1007/s40843-021-1732-1,RuCo,1,0,27.9,1.66,0.3,10,150,10
10.1007/s40843-021-1732-1,RuCo,1,0,27.9,1.66,14,40,147,10
10.1007/s40843-021-1732-1,RuCo,1,0,27.9,1.66,14,20,103,10
10.1007/s40843-021-1732-1,RuCo,1,0,27.9,1.66,14,10,67,10
10.1002/smll.201903395,CoCu,1,0,6.13,2.72,14,50,450,11.35
10.1002/smll.201903395,CoCu,1,0,6.13,2.72,14,10,270,11.35
10.1002/smll.201903395,CoFe,1,0,5.92,2.05,14,50,420,10.95
10.1002/smll.201903395,CoFe,1,0,5.92,2.05,14,10,250,10.95
10.1002/smll.201903395,CoNi,1,0,4.28,1.5,14,100,410,10.57
10.1002/smll.201903395,CoNi,1,0,4.28,1.5,14,50,340,10.57
10.1002/smll.201903395,CoNi,1,0,4.28,1.5,14,10,240,10.57
10.1002/smll.201903395,CoMn,1,0,2.9,1.15,14,50,540,10.27
10.1002/smll.201903395,CoMn,1,0,2.9,1.15,14,10,330,10.27
10.1002/smll.201903395,Co,0,0,3.11,1.95,14,50,410,11.4
10.1002/smll.201903395,Co,0,0,3.11,1.95,14,10,300,11.4
10.1002/chem.201900320,Pt,0,1,0.07,0,0.3,10,34.8,3
10.1002/chem.201900320,Pt,0,1,0.07,0,0.3,20,47.2,3
10.1002/cctc.201901601,NiPt,1,1,6.69,3.4,14,60,513,19.3
10.1002/cctc.201901601,FeCo,1,0,7.31,3.4,14,60,450,34.2
10.1002/cctc.201901601,FeCo,1,0,7.31,3.4,14,50,441,34.2
10.1002/cctc.201901601,FeCo,1,0,7.31,3.4,14,40,434,34.2
10.1002/cctc.201901601,FeCo,1,0,7.31,3.4,14,20,408,34.2
10.1002/cctc.201901601,FeCo,1,0,7.31,3.4,14,10,380,34.2
10.1002/cctc.201901601,FeCo,1,0,6.69,3.4,14,50,499,19.3
10.1002/cctc.201901601,FeCo,1,0,6.69,3.4,14,40,482,19.3
10.1002/cctc.201901601,FeCo,1,0,6.69,3.4,14,20,439,19.3
10.1002/cctc.201901601,FeCo,1,0,6.69,3.4,14,10,398,19.3
10.1002/cctc.201901601,FeCo,1,0,8.74,3.4,14,60,553,18
10.1002/cctc.201901601,FeCo,1,0,8.74,3.4,14,50,545,18
10.1002/cctc.201901601,FeCo,1,0,8.74,3.4,14,40,534,18
10.1002/cctc.201901601,FeCo,1,0,8.74,3.4,14,20,497,18
10.1002/cctc.201901601,FeCo,1,0,8.74,3.4,14,10,458,18
10.1002/cctc.201901601,FeCo,1,0,9.87,3.4,14,60,519,15.6
10.1002/cctc.201901601,FeCo,1,0,9.87,3.4,14,50,510,15.6
10.1002/cctc.201901601,FeCo,1,0,9.87,3.4,14,40,499,15.6
10.1002/cctc.201901601,FeCo,1,0,9.87,3.4,14,20,463,15.6
10.1002/cctc.201901601,FeCo,1,0,9.87,3.4,14,10,425,15.6
10.1002/anie.202013047,NiMo,1,0,100,0,13,10,56,10
10.1002/anie.202013047,NiMo,1,0,100,0,14,10,42,10
10.1002/adfm.202001756,Pt,0,1,10.2,0,0.3,50,50,2
10.1002/adfm.202001756,Pt,0,1,10.2,0,0.3,40,45.2,2
10.1002/adfm.202001756,Pt,0,1,10.2,0,0.3,20,34.6,2
10.1002/adfm.202001756,Pt,0,1,10.2,0,0.3,10,28.27,2
10.1002/adfm.202306340,PtMo,1,1,27.24,17.83,0.3,10,35,2.7
10.1002/adfm.202306340,PtMo,1,1,27.24,17.83,0.3,20,43,2.7
10.1002/adfm.202306340,PtMo,1,1,27.24,17.83,0.3,50,52,2.7
10.1002/adfm.202306340,PtMo,1,1,27.24,17.83,0.3,100,63,2.7
10.1002/adfm.202306340,PtMo,1,1,27.24,17.83,14,10,35,2.7
10.1002/adfm.202306340,PtMo,1,1,27.24,17.83,14,20,43,2.7
10.1002/adfm.202306340,PtMo,1,1,27.24,17.83,14,50,57,2.7
10.1002/adfm.202306340,PtMo,1,1,27.24,17.83,14,100,80,2.7
10.1002/adfm.202306340,Pt,0,1,14.3,17.83,0.3,10,65,3
10.1002/adfm.202306340,Pt,0,1,14.3,17.83,0.3,20,73,3
10.1002/adfm.202306340,Pt,0,1,14.3,17.83,0.3,50,85,3
10.1002/adfm.202306340,Pt,0,1,14.3,17.83,0.3,100,98,3
10.1002/adfm.202306340,Pt,0,1,14.3,17.83,14,10,83,3
10.1002/adfm.202306340,Pt,0,1,14.3,17.83,14,20,91,3
10.1002/adfm.202306340,Pt,0,1,14.3,17.83,14,50,103,3
10.1002/adfm.202306340,Pt,0,1,14.3,17.83,14,100,125,3
10.1002/adma.202303030,Pt3Fe,1,1,11.3,16.3,0.3,10,12,2
10.1002/adma.202303030,Pt3Fe,1,1,11.3,16.3,0.3,20,18,2
10.1002/adma.202303030,Pt3Fe,1,1,11.3,16.3,0.3,40,27,2
10.1002/adma.202303030,Pt3Fe,1,1,11.3,16.3,7.4,10,45,2
10.1002/adma.202303030,Pt3Fe,1,1,11.3,16.3,7.4,20,121,2
10.1002/adma.202303030,Pt3Fe,1,1,11.3,16.3,14,10,29,2
10.1002/adma.202303030,Pt3Fe,1,1,11.3,16.3,14,20,55,2
10.1002/adma.202303030,Pt3Fe,1,1,11.3,16.3,14,40,91,2
10.1002/smll.202400240,Pt3Fe,1,1,15.16,31.17,14,10,8,9.63
10.1002/smll.202400240,Pt3Fe,1,1,15.16,31.17,14,20,46,9.63
10.1002/smll.202400240,Pt3Fe,1,1,15.16,31.17,14,30,66,9.63
10.1002/smll.202400240,Pt3Fe,1,1,15.16,31.17,14,40,103,9.63
10.1002/smll.202400240,Pt3Fe,1,1,15.16,31.17,14,50,139,9.63
10.1002/smll.202309819,PtRhNiFeCu,1,1,24,0,14,10,12,3.53
10.1002/smll.202309819,PtRhNiFeCu,1,1,24,0,14,20,17,3.53
10.1002/smll.202309819,PtRhNiFeCu,1,1,24,0,14,50,31,3.53
10.1002/smll.202309819,PtRhNiFeCu,1,1,24,0,14,100,50,3.53
